# This file uses centimeters as units for non-parametric coordinates.

mtllib ToothBrushHolder_Top.mtl
g default
v -0.979438 2.463489 0.557008
v -1.055176 2.452484 0.591484
v -0.996925 2.468088 0.538215
v -1.086786 2.434885 0.666895
v -1.107231 2.438695 0.651128
v -1.041834 2.468224 0.607871
v -1.037130 2.448129 0.607845
v -0.917529 2.479959 0.510558
v -0.934524 2.484785 0.489589
v -1.132152 2.422771 0.730254
v -1.154749 2.426104 0.715018
v -0.984223 2.483932 0.557035
v -1.091572 2.455327 0.666921
v -0.870018 2.501852 0.443872
v -1.199380 2.414089 0.781021
v -0.922395 2.500749 0.510586
v -1.137019 2.443560 0.730281
v -0.860016 2.516977 0.464698
v -1.181759 2.431244 0.794050
v -0.855231 2.496535 0.464671
v -1.176974 2.410802 0.794023
v -0.987631 2.454869 0.656954
v -0.802472 2.519715 0.403625
v -1.238666 2.403486 0.850129
v -0.931677 2.469757 0.613413
v -1.030152 2.443516 0.714218
v -0.794854 2.533933 0.424265
v -1.221169 2.420336 0.860660
v -0.790150 2.513838 0.424239
v -1.216465 2.400241 0.860634
v -0.997177 2.495645 0.657007
v -0.815568 2.500647 0.527098
v -1.114457 2.421004 0.833056
v -0.941425 2.511401 0.613467
v -1.039900 2.485161 0.714273
v -0.730971 2.538801 0.371409
v -1.270136 2.395131 0.923332
v -0.719902 2.532494 0.394152
v -1.245835 2.392352 0.932519
v -0.871311 2.485807 0.573494
v -1.069129 2.433095 0.775991
v -0.757817 2.516011 0.486107
v -1.154501 2.410309 0.892174
v -0.825317 2.542291 0.527152
v -1.124206 2.462648 0.833111
v -0.724687 2.552936 0.394179
v -1.250620 2.412795 0.932546
v -0.767362 2.556787 0.486161
v -1.164046 2.451085 0.892228
v -0.656906 2.558554 0.344919
v -1.296012 2.388256 0.999138
v -0.646966 2.551853 0.369568
v -1.269825 2.385885 1.007150
v -0.881263 2.528319 0.573550
v -1.079081 2.475608 0.776047
v -0.651833 2.572642 0.369596
v -1.274691 2.406674 1.007177
v -0.691422 2.533635 0.462405
v -1.177625 2.404079 0.960108
v -0.581726 2.578417 0.321849
v -1.318509 2.382090 1.076058
v -0.853554 2.486509 0.707428
v -0.578623 2.591709 0.345672
v -1.297958 2.400031 1.082022
v -0.701171 2.575280 0.462460
v -1.187374 2.445723 0.960163
v -1.020685 2.444095 0.811655
v -0.573838 2.571267 0.345646
v -1.293173 2.379589 1.081995
v -0.750949 2.513808 0.631150
v -1.066311 2.431930 0.863554
v -0.705409 2.525939 0.589229
v -0.621933 2.552073 0.443541
v -1.196024 2.399097 1.031210
v -0.505302 2.598598 0.304939
v -1.334978 2.377518 1.154240
v -0.868622 2.550877 0.707512
v -0.554883 2.569879 0.417063
v -1.221874 2.392148 1.099836
v -1.033220 2.497645 0.811726
v -0.795764 2.501859 0.678395
v -0.504412 2.611030 0.327813
v -1.315299 2.394956 1.157886
v -0.766018 2.578176 0.631234
v -0.631885 2.594585 0.443597
v -1.205975 2.441610 1.031266
v -1.078553 2.484225 0.863622
v -0.499708 2.590936 0.327787
v -1.310595 2.374861 1.157859
v -0.720071 2.588571 0.589311
v -0.564632 2.611523 0.417117
v -1.231622 2.433792 1.099891
v -0.645436 2.541843 0.576169
v -0.899446 2.474313 0.734569
v -0.487554 2.587751 0.396358
v -1.242085 2.386693 1.168745
v -1.160058 2.407480 1.043079
v -0.423780 2.611061 0.321395
v -1.316801 2.373101 1.235544
v -0.427532 2.619308 0.296930
v -1.342786 2.375423 1.233836
v -0.843353 2.488978 0.721174
v -0.811238 2.567964 0.678482
v -0.497100 2.628527 0.396412
v -1.251631 2.427469 1.168798
v -0.660504 2.606211 0.576254
v -0.428566 2.631503 0.321422
v -1.321586 2.393543 1.235571
v -1.171644 2.456973 1.043144
v -0.524780 2.573872 0.536099
v -1.182457 2.401296 1.109826
v -0.914163 2.537179 0.734651
v -0.581688 2.558745 0.566837
v -0.767430 2.508774 0.718021
v -0.859004 2.555837 0.721262
v -0.656134 2.537422 0.687158
v -0.346960 2.631414 0.321084
v -1.317063 2.372913 1.314141
v -0.349069 2.640192 0.295170
v -1.344483 2.374945 1.314140
v -0.417224 2.606385 0.394816
v -1.243548 2.386195 1.240696
v -0.468785 2.588749 0.510652
v -1.193992 2.450573 1.109891
v -0.539848 2.638240 0.536184
v -0.597162 2.624849 0.566924
v -0.426973 2.648030 0.394870
v -1.253297 2.427840 1.240751
v -0.351836 2.652203 0.321111
v -1.321930 2.393703 1.314168
v -0.784520 2.581779 0.718116
v -0.483446 2.651381 0.510734
v -0.674582 2.616226 0.687261
v -0.270564 2.660897 0.297005
v -1.342635 2.375224 1.394446
v -1.202945 2.395666 1.243590
v -0.595328 2.552976 0.722911
v -0.345406 2.625405 0.398853
v -1.239556 2.387141 1.314169
v -0.274938 2.672208 0.321495
v -1.321437 2.393348 1.392764
v -0.270153 2.651766 0.321468
v -1.316652 2.372906 1.392737
v -0.355358 2.667918 0.398908
v -1.249509 2.429653 1.314224
v -0.407785 2.604898 0.517193
v -1.214484 2.444960 1.243655
v -0.273612 2.644436 0.394884
v -1.243406 2.386014 1.387637
v -0.479735 2.583659 0.684526
v -0.451456 2.591752 0.619189
v -1.210365 2.394003 1.314182
v -0.615658 2.639818 0.723025
v -0.192744 2.681413 0.305087
v -1.334676 2.377122 1.474049
v -0.283361 2.686080 0.394938
v -1.253154 2.427658 1.387692
v -0.422853 2.669266 0.517277
v -0.527370 2.570953 0.735518
v -0.198926 2.691971 0.327958
v -1.315008 2.394569 1.470454
v -0.344299 2.621697 0.528475
v -1.221571 2.441909 1.314244
v -0.194222 2.671876 0.327932
v -1.310304 2.374474 1.470428
v -0.203297 2.663066 0.396493
v -1.241805 2.386332 1.459591
v -0.500065 2.670501 0.684640
v -0.469903 2.670556 0.619293
v -0.580457 2.556581 0.783716
v -0.280868 2.638524 0.517253
v -1.205955 2.394757 1.385000
v -0.212842 2.703842 0.396546
v -1.251351 2.427108 1.459644
v -0.359773 2.687801 0.528562
v -0.120049 2.691500 0.345861
v -1.292732 2.379014 1.546308
v -0.404388 2.603639 0.672350
v -0.548699 2.662050 0.735637
v -0.116328 2.701726 0.322069
v -1.318055 2.381500 1.552248
v -0.295936 2.702892 0.517337
v -1.217356 2.443459 1.385064
v -0.219908 2.654689 0.510770
v -0.124834 2.711942 0.345887
v -1.297518 2.399456 1.546335
v -0.602532 2.650865 0.783840
v -0.135911 2.680886 0.417261
v -1.221460 2.391616 1.528519
v -0.424721 2.690482 0.672464
v -0.234569 2.717320 0.510852
v -0.343531 2.619703 0.705809
v -0.282807 2.635851 0.672407
v -0.046867 2.710855 0.369852
v -1.269234 2.385124 1.621176
v -0.415972 2.599647 0.844113
v -0.041134 2.721705 0.345211
v -1.295416 2.387475 1.629188
v -0.145660 2.722530 0.417315
v -1.231209 2.433261 1.528573
v -0.236177 2.648790 0.619291
v -0.051734 2.731644 0.369879
v -1.274101 2.405914 1.621204
v -0.163832 2.669503 0.536270
v -0.068794 2.698627 0.443803
v -1.195471 2.398396 1.597169
v -0.303140 2.722694 0.672521
v -0.364860 2.710802 0.705928
v -0.441090 2.706947 0.844254
v -0.460134 2.587778 0.945642
v 0.033002 2.741219 0.371771
v -1.269396 2.394163 1.705019
v -0.254627 2.727593 0.619395
v -0.078754 2.741139 0.443858
v -1.205423 2.440909 1.597224
v -0.178900 2.733871 0.536355
v 0.021317 2.750595 0.394531
v -1.249887 2.411849 1.695857
v -1.168690 2.404664 1.588348
v 0.000718 2.717018 0.462733
v -1.176939 2.403202 1.668289
v 0.026102 2.730153 0.394505
v -1.245101 2.391407 1.695830
v -0.106843 2.684554 0.567062
v -0.207436 2.655802 0.684654
v -0.009030 2.758662 0.462787
v -1.186687 2.444846 1.668343
v -1.179860 2.452378 1.588411
v -0.270319 2.638235 0.844182
v -0.343002 2.618839 0.926714
v -0.122317 2.750658 0.567149
v -0.487536 2.704803 0.945796
v 0.104610 2.760052 0.404054
v -1.237784 2.402336 1.778251
v -0.116976 2.681447 0.599461
v 0.091698 2.768828 0.424685
v -1.220302 2.419212 1.767769
v -0.227765 2.742645 0.684768
v -0.066372 2.695268 0.573024
v 0.067132 2.734583 0.486498
v -1.153682 2.409263 1.736244
v -1.145925 2.410383 1.655595
v -0.236165 2.647775 0.757549
v -0.202617 2.657070 0.689801
v 0.096403 2.748734 0.424658
v -1.215598 2.399117 1.767743
v 0.057586 2.775359 0.486551
v -1.163228 2.450039 1.736297
v -0.295437 2.745536 0.844322
v -1.157146 2.458312 1.655658
v -0.133575 2.752354 0.599554
v -0.081589 2.760271 0.573109
v -0.370405 2.735864 0.926867
v -0.246747 2.644819 0.784393
v -1.175976 2.409513 1.834391
v 0.161566 2.765937 0.465153
v -0.223050 2.744342 0.689915
v -0.258685 2.743966 0.757676
v -0.259591 2.641037 0.868670
v 0.172199 2.777989 0.444365
v -1.198363 2.412767 1.847397
v -0.498588 2.700647 0.939124
v 0.156780 2.786380 0.465179
v -1.180761 2.429955 1.834418
v -1.113519 2.419811 1.795401
v 0.124983 2.749845 0.527543
v -1.123268 2.461456 1.795455
v 0.115234 2.791489 0.527598
v -0.270077 2.744452 0.784524
v -1.079486 2.427594 1.773853
v 0.116004 2.746897 0.542493
v 0.149539 2.756320 0.547966
v -1.131029 2.421324 1.898202
v 0.223959 2.782399 0.511099
v -0.285259 2.750681 0.868814
v 0.236750 2.795116 0.490143
v -1.153599 2.424619 1.913443
v 0.105491 2.791807 0.542552
v -1.090998 2.476774 1.773918
v 0.219092 2.803189 0.511126
v -1.135885 2.442113 1.898230
v 0.139701 2.798346 0.548021
v -1.068074 2.431762 1.852509
v -1.078026 2.474274 1.852564
v -1.039684 2.438268 1.831607
v 0.191406 2.768941 0.558573
v 0.299277 2.811518 0.538829
v -1.105956 2.437052 1.977377
v -1.028975 2.442029 1.914318
v -0.378562 2.772475 1.314787
v -1.090323 2.453723 1.961632
v 0.281165 2.819196 0.557634
v 0.182700 2.806129 0.558622
v -1.051152 2.487256 1.831670
v -1.085537 2.433281 1.961606
v 0.285950 2.798753 0.557607
v -1.038723 2.483674 1.914373
v -0.409980 2.600621 1.219650
v -0.342469 2.618358 1.314585
v -0.408583 2.600919 1.265455
v -0.982905 2.452401 1.875188
v -0.407749 2.601098 1.292863
v -0.986339 2.453240 1.971623
v 0.357665 2.826817 0.592153
v -1.053782 2.450693 2.037069
v -0.407090 2.601240 1.314554
v -1.040472 2.466474 2.020728
v 0.339017 2.834083 0.608525
v -0.995884 2.494016 1.971676
v -1.035767 2.446379 2.020701
v -0.995295 2.505328 1.875257
v 0.343722 2.813988 0.608499
v -0.406815 2.601280 1.335950
v -0.407581 2.601037 1.362985
v -0.130183 2.674855 1.156720
v -0.188362 2.659533 1.097238
v -0.408857 2.600630 1.408166
v -0.977962 2.461613 2.071593
v -0.442804 2.747048 1.265646
v -0.443444 2.743519 1.219837
v 0.393504 2.827086 0.667595
v -0.995417 2.466165 2.090394
v 0.409793 2.840631 0.651846
v -0.982748 2.482055 2.071620
v -0.861917 2.482915 1.932824
v -0.930289 2.468020 2.015217
v -0.442269 2.748502 1.293056
v -0.441701 2.749034 1.314748
v 0.388718 2.847528 0.667621
v -0.940038 2.509664 2.015271
v -0.441825 2.747273 1.363177
v -0.441356 2.748775 1.336143
v -0.876330 2.544488 1.932905
v -0.218434 2.787949 1.097406
v -0.160253 2.803271 1.156889
v -0.442357 2.743681 1.408354
v -0.915956 2.477968 2.118101
v 0.438999 2.839043 0.730998
v -0.794471 2.500283 1.950353
v -0.801127 2.498524 1.947003
v -0.932917 2.482741 2.139080
v 0.457398 2.853238 0.715780
v -0.790757 2.501206 1.945143
v -0.920823 2.498757 2.118129
v -0.869839 2.483972 2.055192
v 0.393966 2.822321 0.765307
v 0.434127 2.859832 0.731025
v -0.879791 2.526484 2.055248
v -0.749563 2.512114 1.997641
v 0.385280 2.859427 0.765356
v -0.816563 2.564429 1.947090
v -0.809946 2.566388 1.950439
v -0.806444 2.568218 1.945230
v -0.813992 2.498696 2.101642
v -0.764631 2.576482 1.997725
v -0.868312 2.499694 2.184858
v 0.502194 2.864915 0.781826
v -0.823741 2.540340 2.101697
v -0.858344 2.514871 2.164074
v 0.479150 2.871296 0.794836
v -0.853559 2.494429 2.164047
v 0.424463 2.828730 0.833784
v 0.483936 2.850854 0.794809
v 0.405164 2.823653 0.809519
v 0.410487 2.824484 0.842810
v -0.654833 2.535868 1.941718
v -0.703930 2.524142 2.039605
v -0.588283 2.552988 1.882099
v -0.594089 2.551509 1.906021
v 0.414711 2.870375 0.833839
v 0.399992 2.869285 0.842870
v 0.395327 2.865665 0.809574
v -0.486741 2.703889 1.683570
v -0.369561 2.734903 1.702609
v -0.459339 2.586864 1.683416
v -0.414959 2.598481 1.784987
v -0.526147 2.569518 1.893479
v -0.756159 2.513959 2.142687
v 0.464609 2.839279 0.892941
v -0.643927 2.540013 2.052721
v -0.487543 2.703586 1.684054
v -0.718592 2.586774 2.039687
v -0.673281 2.614672 1.941822
v 0.117094 2.740270 1.240292
v 0.094395 2.734269 1.229910
v -0.800684 2.517458 2.225168
v 0.541656 2.875174 0.850971
v -0.765705 2.554735 2.142740
v 0.455056 2.880054 0.892994
v -0.793091 2.531728 2.204568
v 0.518844 2.881344 0.861483
v -0.788387 2.511633 2.204542
v 0.523555 2.861249 0.861457
v -0.614421 2.638353 1.906135
v -0.609301 2.642759 1.882216
v 0.172416 2.755199 1.217282
v -0.580141 2.556892 2.062113
v -0.689707 2.531524 2.166452
v -0.478404 2.582098 1.944516
v -0.658995 2.604381 2.052806
v -0.547476 2.660616 1.893599
v -0.440087 2.705782 1.785128
v -0.342158 2.617878 1.702456
v -0.342228 2.618195 1.923362
v 0.036534 2.718797 1.314764
v 0.252140 2.776592 1.314867
v -0.718075 2.530214 2.234695
v 0.553067 2.868960 0.933370
v -0.699456 2.573168 2.166507
v 0.268319 2.781107 1.171299
v 0.272689 2.782259 1.175577
v 0.210934 2.765592 1.201265
v 0.381342 2.813191 1.032120
v 0.386987 2.814624 1.072011
v 0.487883 2.845341 0.960896
v -0.403024 2.602048 1.956763
v 0.068755 2.843793 1.230053
v 0.091961 2.847570 1.240433
v -0.595616 2.622996 2.062200
v 0.356603 2.806200 1.082139
v -0.722861 2.550656 2.234722
v 0.548282 2.889402 0.933397
v -0.729098 2.536464 2.257452
v 0.573227 2.883520 0.924204
v 0.148997 2.855226 1.217414
v -0.620169 2.549914 2.185382
v -0.269296 2.637070 1.785057
v -0.498734 2.668940 1.944630
v 0.478135 2.886984 0.960951
v 0.284707 2.785326 1.252685
v -0.523165 2.571944 2.092905
v 0.417097 2.822518 1.130298
v 0.371508 2.880728 1.072098
v 0.366109 2.878234 1.032206
v -0.449992 2.590029 2.009880
v 0.336426 2.799605 1.204776
v -0.258475 2.640000 1.721609
v 0.340045 2.876930 1.082232
v -0.630121 2.592427 2.185437
v 0.188692 2.860555 1.201389
v 0.252354 2.869102 1.175691
v 0.247902 2.868323 1.171413
v 0.506434 2.850146 1.032016
v -0.363558 2.709293 1.923481
v 0.009134 2.835822 1.314918
v 0.230803 2.867689 1.314986
v -0.645082 2.549511 2.259348
v 0.577211 2.875242 1.008024
v -0.423357 2.688891 1.956877
v -0.649949 2.570301 2.259375
v 0.572343 2.896031 1.008051
v -0.538233 2.636312 2.092990
v 0.402029 2.886886 1.130382
v -0.654977 2.556152 2.284012
v 0.599214 2.890382 1.000035
v 0.496482 2.892658 1.032072
v -0.294419 2.744371 1.785197
v -0.281431 2.634259 1.956820
v -0.467112 2.586757 2.118406
v 0.442044 2.829044 1.187637
v 0.264376 2.872168 1.252800
v -0.553061 2.567656 2.211923
v 0.532413 2.856925 1.100665
v -0.468440 2.668833 2.009984
v 0.317978 2.878408 1.204879
v -0.406123 2.602922 2.111923
v 0.435771 2.827281 1.250029
v -0.342646 2.619749 2.100700
v 0.424859 2.824286 1.314951
v -0.206078 2.654241 1.944645
v -0.965395 2.457939 0.769202
v -0.562810 2.609300 2.211978
v 0.522662 2.898570 1.100721
v -0.908643 2.471969 0.736762
v -0.481782 2.649389 2.118488
v 0.427382 2.891676 1.187720
v -0.571891 2.568866 2.283340
v 0.600702 2.881353 1.082892
v -0.579736 2.575957 2.307153
v 0.621896 2.896183 1.076976
v 0.284854 2.785172 1.377080
v -0.576676 2.589308 2.283366
v 0.595916 2.901795 1.082918
v -1.043820 2.438053 0.829455
v -1.102813 2.422030 0.918868
v -0.421191 2.667290 2.112007
v 0.420692 2.891649 1.250114
v -0.301761 2.721103 1.956934
v -0.485679 2.585476 2.232692
v 0.552747 2.862209 1.169594
v -0.929643 2.466892 0.741756
v -0.358121 2.685853 2.100788
v 0.409378 2.890390 1.315038
v -0.415334 2.604106 2.234301
v 0.554373 2.862528 1.241547
v -0.978851 2.515423 0.769277
v -0.234682 2.647066 2.009982
v -0.495225 2.626252 2.232745
v 0.543190 2.902985 1.169647
v -0.226408 2.741084 1.944758
v -0.923177 2.534054 0.736843
v 0.264512 2.872015 1.377194
v 0.435912 2.827120 1.379883
v -0.279187 2.636548 2.111983
v -1.114956 2.473902 0.918937
v -0.497712 2.588491 2.301268
v 0.618267 2.885893 1.158772
v 0.336675 2.799332 1.425040
v -1.056019 2.490161 0.829523
v -1.134127 2.414194 0.966088
v -1.137633 2.413291 0.976498
v -0.503270 2.596097 2.324136
v 0.638568 2.900388 1.155174
v -0.502417 2.608585 2.301294
v 0.613560 2.905987 1.158798
v -0.425083 2.645751 2.234355
v 0.544625 2.904172 1.241602
v -0.343511 2.623136 2.230332
v 0.550550 2.861401 1.315016
v -0.943591 2.526476 0.741834
v -0.253140 2.725870 2.010086
v -0.162182 2.667574 2.093076
v -0.421757 2.608600 2.307731
v 0.624632 2.887461 1.236463
v -0.294255 2.700916 2.112067
v 0.420844 2.891487 1.379968
v 0.318216 2.878136 1.425143
v 0.442323 2.828728 1.442281
v -0.218209 2.652697 2.118523
v -0.353463 2.665649 2.230388
v 0.540598 2.903913 1.315072
v -0.426542 2.629042 2.307758
v 0.619847 2.907903 1.236490
v -1.149277 2.463034 0.976563
v -1.145758 2.463880 0.966153
v -0.425474 2.616786 2.332218
v 0.646489 2.902459 1.234777
v 0.417513 2.822061 1.499598
v -0.105239 2.682701 2.062338
v -0.177250 2.731942 2.093161
v -0.344931 2.628952 2.308115
v 0.625068 2.887453 1.315060
v 0.554536 2.862346 1.388488
v -0.271703 2.642156 2.234369
v 0.427661 2.891359 1.442364
v -0.232873 2.715328 2.118605
v -0.349798 2.649741 2.308143
v 0.620201 2.908242 1.315087
v 0.402439 2.886429 1.499682
v 0.387521 2.814023 1.557855
v 0.353720 2.804501 1.517235
v -0.281451 2.683800 2.234423
v 0.544781 2.903990 1.388543
v -0.120713 2.748806 2.062425
v -0.346994 2.637666 2.334052
v 0.648318 2.902911 1.315083
v 0.553068 2.861849 1.460440
v -0.201386 2.660790 2.232826
v -0.134025 2.678662 2.212121
v 0.532880 2.856394 1.529349
v 0.624806 2.887266 1.393656
v -0.268110 2.649305 2.307805
v 0.337426 2.875468 1.516932
v -0.066959 2.696469 2.185644
v 0.507058 2.849444 1.597974
v -0.027515 2.701288 2.053634
v 0.543514 2.902626 1.460493
v -0.210931 2.701566 2.232880
v -0.680230 2.530836 0.733714
v 0.646664 2.902260 1.395387
v -0.268479 2.658376 2.332293
v -0.272896 2.669747 2.307831
v 0.620020 2.907708 1.393683
v 0.523131 2.898038 1.529404
v -0.143774 2.720307 2.212176
v -1.195891 2.397360 1.176184
v -0.076911 2.738982 2.185699
v 0.497100 2.891956 1.598030
v -0.192184 2.669431 2.301413
v 0.618608 2.885506 1.471341
v 0.613904 2.905600 1.471367
v -0.196888 2.689525 2.301439
v 0.638911 2.899992 1.474983
v -0.190666 2.678911 2.324284
v -0.118036 2.689100 2.283554
v 0.601209 2.880778 1.547205
v 0.002518 2.714906 2.166779
v -0.661155 2.535665 0.737150
v 0.401796 2.818394 1.614327
v 0.488656 2.844462 1.669077
v -1.207533 2.447094 1.176249
v 0.596423 2.901220 1.547231
v -0.122821 2.709542 2.283581
v -0.699550 2.613330 0.733823
v 0.577878 2.874482 1.622051
v -0.044888 2.708513 2.259632
v -0.007231 2.756551 2.166834
v 0.478908 2.886107 1.669132
v 0.622417 2.895593 1.553165
v -0.114278 2.699266 2.307374
v -0.049755 2.729303 2.259659
v 0.573011 2.895271 1.622078
v 0.425515 2.827538 1.796129
v 0.395256 2.819720 1.828489
v 0.553895 2.868014 1.696681
v 0.465533 2.838233 1.737010
v 0.068902 2.732530 2.143077
v 0.028039 2.727872 2.235048
v -0.039120 2.719302 2.284304
v 0.599899 2.889601 1.630085
v -0.680924 2.620116 0.737261
v 0.183320 2.761284 2.054491
v 0.549110 2.888456 1.696708
v 0.023254 2.748314 2.235075
v 0.415766 2.869183 1.796184
v 0.455979 2.879009 1.737064
v 0.059356 2.773306 2.143131
v -1.211921 2.393541 1.329181
v 0.485058 2.849565 1.835177
v 0.126665 2.747894 2.102087
v 0.163366 2.763832 2.164528
v 0.574076 2.882552 1.705891
v 0.034978 2.738882 2.257813
v 0.524538 2.860125 1.768566
v 0.098277 2.746528 2.204961
v 0.225667 2.780407 2.118641
v 0.519834 2.880220 1.768593
v 0.093573 2.766623 2.204988
v 0.480272 2.870007 1.835203
v 0.158580 2.784274 2.164555
v 0.116917 2.789539 2.102141
v 0.440260 2.837596 1.898946
v 0.220800 2.801196 2.118668
v 0.542654 2.874023 1.779094
v 0.106520 2.757795 2.225598
v 0.435394 2.858385 1.898973
v -1.223084 2.441226 1.329243
v 0.503339 2.863595 1.848202
v 0.174030 2.775831 2.185351
v 0.238491 2.793072 2.139634
v 0.458687 2.851753 1.914206
v 0.287560 2.796877 2.072192
v 0.300932 2.809596 2.091007
v 0.394899 2.825481 1.962306
v 0.411561 2.838929 1.978359
v 0.282775 2.817319 2.072219
v 0.390191 2.845911 1.962390
v 0.345246 2.812237 2.021355
v 0.359214 2.825026 2.037738
v 0.340535 2.832332 2.021381
v -1.198743 2.396297 1.452691
v -1.210244 2.445427 1.452754
v -1.191731 2.398530 1.520099
v -1.191443 2.398605 1.520934
v -1.202553 2.446064 1.520996
v -1.202830 2.445978 1.520161
v -0.035551 2.704117 0.556871
v -0.197498 2.658575 0.679439
v -0.122680 2.679855 0.602443
v -0.139440 2.751450 0.602537
v -0.217555 2.744214 0.679551
v -0.028222 2.706232 0.553031
v -0.049703 2.764571 0.556950
v 0.040093 2.725287 0.541951
v -0.042103 2.765527 0.553108
v 0.027795 2.777821 0.542019
v -1.116930 2.417652 1.717278
v -1.128325 2.466325 1.717342
v -0.459115 2.588013 0.966400
v -0.412457 2.600093 1.138644
v -0.444255 2.735897 1.138822
v -0.486954 2.706872 0.966556
v -1.042988 2.437413 1.829064
v -1.054401 2.486195 1.829128
v 0.257689 2.787226 0.593242
v 0.249762 2.821074 0.593286
v -0.242195 2.645431 0.997541
v -0.196635 2.657352 1.088773
v 0.275632 2.792282 0.602640
v 0.268014 2.824824 0.602683
v -0.406635 2.601337 1.329554
v -0.930650 2.465456 1.915309
v 0.313110 2.801668 0.640846
v 0.305199 2.835397 0.640890
v -0.943718 2.521280 1.915383
v -0.226636 2.785411 1.088942
v -0.270816 2.767664 0.997701
v -0.121261 2.677204 1.165842
v -0.033107 2.700497 1.211827
v 0.359843 2.814160 0.697295
v 0.350991 2.812145 0.679709
v -0.441207 2.748948 1.329748
v 0.343379 2.844662 0.679752
v 0.351939 2.847923 0.697339
v -0.412051 2.599620 1.520460
v -0.443247 2.732836 1.520634
v -0.061739 2.822768 1.211987
v -0.151246 2.805235 1.166010
v -0.702564 2.523629 1.929345
v -0.124023 2.675241 1.438694
v -0.196668 2.656686 1.517987
v -0.028220 2.699800 1.389729
v -0.656932 2.535197 1.921172
v -0.720459 2.600074 1.929446
v -0.243732 2.644242 1.614259
v -0.489689 2.701900 1.692809
v -0.465987 2.585109 1.692655
v -0.675923 2.616321 1.921278
v -0.513333 2.572785 1.829309
v -0.538869 2.670776 1.829436
v -0.803181 2.499513 0.711578
v 0.411753 2.823215 0.920754
v -1.192017 2.398676 1.138282
v 0.397924 2.818336 0.998376
v 0.401059 2.819319 0.991993
v -0.819402 2.568806 0.711669
v 0.399496 2.875574 0.920823
v -1.203454 2.447533 1.138345
v 0.387191 2.878543 0.992071
v 0.383830 2.878542 0.998455
v 0.078919 2.733367 1.375669
v 0.353205 2.805197 1.089036
v 0.278383 2.783917 1.166032
v 0.258339 2.869503 1.166144
v 0.336445 2.876740 1.089130
v 0.183976 2.754482 1.388514
v -0.634839 2.542489 0.741892
v -0.194273 2.657380 1.928187
v -0.244362 2.643812 1.829217
v -0.655140 2.629139 0.742006
v 0.278719 2.783481 1.440164
v -0.123099 2.677359 2.001327
v -0.471463 2.584789 0.938972
v -0.520701 2.572226 0.829697
v 0.078541 2.738792 2.063818
v 0.417350 2.823755 1.715147
v -0.544552 2.674064 0.829830
v 0.274082 2.793411 2.001041
v 0.352809 2.809490 1.926210
v -1.133495 2.413554 1.692347
v -1.144631 2.461124 1.692409
v 0.076448 2.735798 0.536040
v 0.065233 2.783710 0.536103
v -0.288001 2.751658 0.884220
v 0.181022 2.765996 0.553135
v -0.245120 2.644665 0.991683
v -0.261950 2.640385 0.884074
v -0.273625 2.766383 0.991842
v 0.172185 2.803746 0.553185
v -0.928631 2.465989 1.916868
v -0.941697 2.521847 1.916941
v -0.802024 2.498304 1.947163
v -0.817425 2.564091 1.947249
v 0.399749 2.823617 0.776798
v 0.390921 2.861329 0.776847
v -0.633694 2.541237 1.917003
v -0.054859 2.823944 1.215505
v 0.078762 2.730120 1.232437
v -0.026358 2.702279 1.215345
v 0.052726 2.841336 1.232583
v 0.417129 2.825538 0.884403
v -0.653140 2.624306 1.917112
v 0.405923 2.873408 0.884466
v -0.245547 2.645181 0.776483
v -0.268642 2.743838 0.776612
v -0.464286 2.585551 1.686326
v 0.183772 2.758257 1.215445
v 0.160690 2.856846 1.215574
v 0.388188 2.878833 1.618552
v -0.049128 2.764836 2.053455
v 0.385626 2.861296 1.828439
v -0.227008 2.786553 1.518024
v -0.227274 2.786650 1.518153
v -0.151802 2.805588 1.441586
v -0.057085 2.822429 1.389798
v -0.273860 2.767365 1.616884
v 0.052824 2.843441 1.375714
v 0.160836 2.855072 1.388587
v -0.268308 2.745147 1.829416
v -0.268058 2.744982 1.829350
v -0.215011 2.745577 1.928370
v 0.258562 2.869656 1.440247
v -0.140603 2.752372 2.001585
v 0.405386 2.874601 1.722002
v 0.062729 2.791890 2.062032
v 0.173113 2.803739 2.055486
v 0.264202 2.830308 2.001434
v 0.377650 2.858007 1.858439
v 0.343807 2.846407 1.925804
v -0.284742 2.751821 1.721758
vt 0.758913 0.536362
vt 0.469348 0.146925
vt 0.486143 0.180966
vt 0.473544 0.166374
vt 0.463980 0.151065
vt 0.480104 0.184017
vt 0.459388 0.132513
vt 0.491655 0.198963
vt 0.453693 0.136642
vt 0.485383 0.202123
vt 0.450534 0.117328
vt 0.444925 0.120830
vt 0.491354 0.219813
vt 0.439829 0.101470
vt 0.434845 0.105441
vt 0.495920 0.238181
vt 0.459026 0.175890
vt 0.464017 0.192751
vt 0.449297 0.161785
vt 0.438548 0.147910
vt 0.468244 0.210508
vt 0.425810 0.088204
vt 0.421426 0.093390
vt 0.497232 0.257768
vt 0.430716 0.132212
vt 0.474558 0.227185
vt 0.422184 0.117400
vt 0.479371 0.243945
vt 0.412404 0.077723
vt 0.407583 0.082797
vt 0.496624 0.277462
vt 0.409058 0.106867
vt 0.479169 0.262053
vt 0.400967 0.065240
vt 0.395880 0.069338
vt 0.496684 0.296620
vt 0.394988 0.096820
vt 0.477632 0.280725
vt 0.869313 0.143777
vt 0.869420 0.126561
vt 0.869508 0.110338
vt 0.387107 0.051549
vt 0.424658 0.177337
vt 0.413560 0.165582
vt 0.454981 0.216148
vt 0.855048 0.161171
vt 0.382665 0.056063
vt 0.495419 0.316263
vt 0.407205 0.150446
vt 0.856418 0.126732
vt 0.465290 0.247804
vt 0.401207 0.136347
vt 0.384064 0.082883
vt 0.478146 0.299147
vt 0.388440 0.128090
vt 0.869379 0.179834
vt 0.869298 0.076756
vt 0.869411 0.093823
vt 0.369524 0.040788
vt 0.365973 0.046542
vt 0.490546 0.336327
vt 0.869273 0.059645
vt 0.372247 0.069843
vt 0.477827 0.316720
vt 0.374399 0.119734
vt 0.468219 0.282014
vt 0.468571 0.264460
vt 0.869258 0.052350
vt 0.625404 0.483912
vt 0.467982 0.299392
vt 0.433278 0.187554
vt 0.852589 0.194459
vt 0.868991 0.213634
vt 0.869084 0.204558
vt 0.356358 0.062143
vt 0.471838 0.334396
vt 0.714684 0.629209
vt 0.352154 0.033287
vt 0.348597 0.039245
vt 0.483802 0.356172
vt 0.856856 0.043284
vt 0.857111 0.052510
vt 0.365605 0.105565
vt 0.403939 0.171478
vt 0.851856 0.204786
vt 0.356338 0.092671
vt 0.339245 0.055730
vt 0.464392 0.352357
vt 0.380841 0.153437
vt 0.848379 0.236007
vt 0.847870 0.240852
vt 0.336000 0.024053
vt 0.868994 0.026709
vt 0.363801 0.154695
vt 0.332381 0.029656
vt 0.477570 0.376351
vt 0.341525 0.087558
vt 0.461416 0.333052
vt 0.868728 0.009522
vt 0.346475 0.150849
vt 0.317400 0.015433
vt 0.323890 0.045590
vt 0.459392 0.371096
vt 0.325382 0.083186
vt 0.314665 0.021114
vt 0.469271 0.396970
vt 0.457100 0.350643
vt 0.341899 0.132891
vt 0.342221 0.114581
vt 0.868796 0.247255
vt 0.876506 0.798818
vt 0.876474 0.782333
vt 0.307950 0.036831
vt 0.453093 0.388991
vt 0.326559 0.120629
vt 0.296853 0.010584
vt 0.294900 0.016967
vt 0.456136 0.416550
vt 0.312185 0.072325
vt 0.450074 0.367200
vt 0.442480 0.382649
vt 0.289547 0.034360
vt 0.441062 0.403616
vt 0.845244 0.264519
vt 0.847252 0.247536
vt 0.298820 0.063002
vt 0.309168 0.121076
vt 0.277378 0.008606
vt 0.275402 0.015192
vt 0.439111 0.432579
vt 0.312444 0.159481
vt 0.282624 0.063204
vt 0.270536 0.033202
vt 0.426047 0.415866
vt 0.298253 0.105766
vt 0.311458 0.187685
vt 0.259185 0.005106
vt 0.292361 0.088320
vt 0.256777 0.011266
vt 0.421116 0.446162
vt 0.876021 0.748417
vt 0.876264 0.765704
vt 0.265657 0.063419
vt 0.875859 0.731174
vt 0.979940 0.357024
vt 0.980083 0.351872
vt 0.685246 0.743433
vt 0.279186 0.099559
vt 0.252138 0.028376
vt 0.412066 0.429397
vt 0.420792 0.410005
vt 0.434479 0.398019
vt 0.978100 0.406353
vt 0.717031 0.787412
vt 0.979324 0.378278
vt 0.703172 0.760558
vt 0.287830 0.168308
vt 0.407088 0.421875
vt 0.239908 0.001527
vt 0.237782 0.007465
vt 0.403041 0.457741
vt 0.875759 0.721751
vt 0.502471 0.475392
vt 0.279797 0.140535
vt 0.955348 0.349668
vt 0.955554 0.351609
vt 0.279526 0.118121
vt 0.957725 0.375225
vt 0.277234 0.097707
vt 0.960376 0.404560
vt 0.264971 0.071633
vt 0.233770 0.024021
vt 0.397234 0.441207
vt 0.863577 0.714472
vt 0.863931 0.721785
vt 0.961329 0.420389
vt 0.980499 0.329278
vt 0.218538 0.000005
vt 0.216946 0.006429
vt 0.384801 0.466384
vt 0.839825 0.312406
vt 0.309151 0.192108
vt 0.835116 0.363096
vt 0.273859 0.240119
vt 0.214511 0.024142
vt 0.380402 0.448552
vt 0.275075 0.144244
vt 0.875336 0.697840
vt 0.974887 0.467970
vt 0.975430 0.457917
vt 0.719680 0.836690
vt 0.709779 0.867197
vt 0.196137 0.001472
vt 0.973637 0.487463
vt 0.973792 0.484541
vt 0.194910 0.008297
vt 0.366279 0.473502
vt 0.214384 0.028343
vt 0.962937 0.448522
vt 0.963517 0.457789
vt 0.377010 0.438876
vt 0.963974 0.476383
vt 0.964406 0.484441
vt 0.194078 0.022571
vt 0.363090 0.454499
vt 0.874950 0.680616
vt 0.874687 0.662955
vt 0.173192 0.003692
vt 0.347677 0.481065
vt 0.172933 0.010451
vt 0.964359 0.505995
vt 0.360963 0.446143
vt 0.345849 0.462779
vt 0.343057 0.448169
vt 0.869124 0.382274
vt 0.874433 0.646697
vt 0.436770 0.490741
vt 0.148202 0.010783
vt 0.328651 0.486622
vt 0.150373 0.016633
vt 0.328779 0.469340
vt 0.327043 0.449901
vt 0.869476 0.410441
vt 0.980440 0.249267
vt 0.832930 0.393843
vt 0.125883 0.023469
vt 0.310241 0.488083
vt 0.130417 0.028559
vt 0.311576 0.470042
vt 0.874053 0.628965
vt 0.874417 0.646066
vt 0.832696 0.400485
vt 0.832664 0.405740
vt 0.833210 0.417464
vt 0.261836 0.263589
vt 0.310397 0.444655
vt 0.860529 0.646105
vt 0.948710 0.269405
vt 0.217659 0.194295
vt 0.834157 0.428396
vt 0.106827 0.037204
vt 0.873611 0.610743
vt 0.292613 0.488012
vt 0.111948 0.041957
vt 0.873132 0.588388
vt 0.419380 0.546205
vt 0.294039 0.469335
vt 0.650110 0.912691
vt 0.967857 0.030756
vt 0.968949 0.012239
vt 0.857291 0.613424
vt 0.293845 0.439696
vt 0.293609 0.438221
vt 0.277732 0.443448
vt 0.275890 0.424055
vt 0.276612 0.472863
vt 0.087855 0.051966
vt 0.274670 0.490837
vt 0.093279 0.055832
vt 0.977253 0.042012
vt 0.977059 0.033985
vt 0.428279 0.572210
vt 0.872891 0.576823
vt 0.977392 0.069290
vt 0.977248 0.060377
vt 0.872439 0.556773
vt 0.872734 0.570926
vt 0.107913 0.067551
vt 0.967683 0.033884
vt 0.115372 0.063004
vt 0.966114 0.050057
vt 0.213979 0.335993
vt 0.243253 0.343689
vt 0.223662 0.361476
vt 0.434371 0.606019
vt 0.965346 0.060249
vt 0.105013 0.088324
vt 0.091838 0.080208
vt 0.841925 0.496864
vt 0.836985 0.455559
vt 0.263046 0.447036
vt 0.259690 0.474919
vt 0.263986 0.420670
vt 0.266621 0.416784
vt 0.979048 0.169115
vt 0.071055 0.069472
vt 0.256317 0.491911
vt 0.076745 0.072108
vt 0.254055 0.406290
vt 0.254736 0.400399
vt 0.852080 0.570986
vt 0.249324 0.441524
vt 0.240095 0.394827
vt 0.223961 0.401067
vt 0.244097 0.470462
vt 0.978536 0.142494
vt 0.977737 0.097678
vt 0.058766 0.088604
vt 0.952227 0.188610
vt 0.151710 0.186079
vt 0.141166 0.175413
vt 0.234713 0.435039
vt 0.239296 0.488106
vt 0.065194 0.090158
vt 0.081963 0.096474
vt 0.551442 0.852341
vt 0.977884 0.113170
vt 0.218899 0.436332
vt 0.101491 0.125255
vt 0.104923 0.115482
vt 0.960272 0.111104
vt 0.978986 0.166234
vt 0.922624 0.288839
vt 0.921616 0.314937
vt 0.889339 0.314105
vt 0.409511 0.679794
vt 0.406375 0.675958
vt 0.228624 0.464935
vt 0.955231 0.158354
vt 0.121148 0.156791
vt 0.122330 0.156046
vt 0.194302 0.381680
vt 0.205304 0.395712
vt 0.114979 0.176315
vt 0.210978 0.411990
vt 0.050974 0.106527
vt 0.223838 0.483185
vt 0.057712 0.107893
vt 0.075561 0.113663
vt 0.093002 0.139398
vt 0.107864 0.130447
vt 0.957181 0.139433
vt 0.189133 0.345693
vt 0.176747 0.383888
vt 0.211942 0.464654
vt 0.065897 0.128817
vt 0.204103 0.436805
vt 0.105611 0.161513
vt 0.082951 0.151512
vt 0.954474 0.165969
vt 0.207279 0.482208
vt 0.048524 0.123652
vt 0.869360 0.136560
vt 0.869358 0.172108
vt 0.042095 0.121949
vt 0.192000 0.428227
vt 0.081426 0.166732
vt 0.195846 0.463253
vt 0.056771 0.143209
vt 0.179340 0.418573
vt 0.079343 0.182716
vt 0.869430 0.096491
vt 0.856404 0.136731
vt 0.161277 0.391660
vt 0.853956 0.177680
vt 0.854544 0.172303
vt 0.190125 0.479416
vt 0.040072 0.139498
vt 0.163625 0.416460
vt 0.069064 0.196424
vt 0.033871 0.138457
vt 0.182034 0.455320
vt 0.054077 0.158844
vt 0.857077 0.096654
vt 0.084729 0.214242
vt 0.059870 0.209601
vt 0.148952 0.414045
vt 0.168330 0.446368
vt 0.051098 0.174904
vt 0.174897 0.471887
vt 0.036485 0.155511
vt 0.029839 0.155188
vt 0.891966 0.287343
vt 0.374108 0.691527
vt 0.924408 0.209263
vt 0.152423 0.442874
vt 0.041656 0.189408
vt 0.138234 0.403509
vt 0.161529 0.463450
vt 0.033757 0.170275
vt 0.027319 0.168626
vt 0.924106 0.236316
vt 0.898960 0.235604
vt 0.032815 0.203828
vt 0.137016 0.438835
vt 0.146301 0.459687
vt 0.024851 0.183704
vt 0.372096 0.709917
vt 0.902482 0.208637
vt 0.018911 0.180762
vt 0.059302 0.224653
vt 0.030015 0.220248
vt 0.124268 0.428631
vt 0.130341 0.454594
vt 0.016384 0.199006
vt 0.111680 0.417245
vt 0.126734 0.392299
vt 0.063981 0.237674
vt 0.027956 0.237570
vt 0.010504 0.196777
vt 0.919125 0.368015
vt 0.012110 0.216730
vt 0.116018 0.444778
vt 0.005644 0.215187
vt 0.102896 0.434169
vt 0.009468 0.234951
vt 0.002749 0.233595
vt 0.095466 0.411514
vt 0.087060 0.426622
vt 0.022880 0.254636
vt 0.006448 0.254248
vt 0.916162 0.395248
vt 0.888794 0.394204
vt 0.363572 0.755279
vt 0.888645 0.366900
vt 0.920567 0.341336
vt 0.022713 0.273071
vt 0.006969 0.273400
vt 0.081444 0.401220
vt 0.072298 0.415880
vt 0.868698 0.005870
vt 0.000000 0.252970
vt 0.025293 0.290904
vt 0.006758 0.292329
vt 0.058628 0.402238
vt 0.045919 0.386511
vt 0.000670 0.272446
vt 0.009341 0.313112
vt 0.027978 0.308900
vt 0.029714 0.327750
vt 0.015910 0.332965
vt 0.000273 0.291437
vt 0.864662 0.812446
vt 0.002168 0.313323
vt 0.009525 0.335748
vt 0.033880 0.370087
vt 0.018316 0.356712
vt 0.868526 0.282853
vt 0.876267 0.765918
vt 0.843206 0.283184
vt 0.864470 0.765951
vt 0.976903 0.431306
vt 0.961987 0.429081
vt 0.962160 0.431148
vt 0.868640 0.319353
vt 0.608835 0.681497
vt 0.874973 0.681646
vt 0.862844 0.681680
vt 0.980667 0.272662
vt 0.972516 0.511134
vt 0.964425 0.511047
vt 0.963832 0.524193
vt 0.869454 0.408892
vt 0.948827 0.272321
vt 0.950333 0.297192
vt 0.977388 0.007538
vt 0.963600 0.537569
vt 0.980410 0.246126
vt 0.980037 0.221406
vt 0.832754 0.409372
vt 0.873681 0.613601
vt 0.857324 0.613649
vt 0.870106 0.455126
vt 0.480610 0.635289
vt 0.871079 0.498943
vt 0.243183 0.345966
vt 0.189919 0.195571
vt 0.948577 0.245784
vt 0.888306 0.340451
vt 0.916058 0.421376
vt 0.913502 0.448306
vt 0.892097 0.447564
vt 0.891082 0.420590
vt 0.449034 0.613569
vt 0.847349 0.534650
vt 0.977510 0.086755
vt 0.962785 0.086597
vt 0.962579 0.088331
vt 0.923515 0.262600
vt 0.895717 0.261815
vt 0.911746 0.474776
vt 0.372572 0.775555
vt 0.893746 0.474154
vt 0.274223 0.147825
vt 0.260194 0.169727
vt 0.980728 0.299114
vt 0.663572 0.733704
vt 0.188027 0.195587
vt 0.161758 0.188311
vt 0.979530 0.192867
vt 0.569491 0.773137
vt 0.924327 0.184087
vt 0.905687 0.183514
vt 0.922487 0.129829
vt 0.924731 0.157082
vt 0.908773 0.156440
vt 0.909076 0.130293
vt 0.908764 0.525865
vt 0.907355 0.553803
vt 0.048816 0.252640
vt 0.134349 0.381338
vt 0.897032 0.553366
vt 0.896058 0.526978
vt 0.029065 0.301341
vt 0.034651 0.274914
vt 0.921810 0.077204
vt 0.923553 0.103808
vt 0.912980 0.103653
vt 0.171213 0.234294
vt 0.148039 0.222024
vt 0.895368 0.606078
vt 0.906382 0.579697
vt 0.897192 0.579272
vt 0.122203 0.217187
vt 0.193388 0.330313
vt 0.910188 0.501175
vt 0.895168 0.501926
vt 0.094549 0.222634
vt 0.447527 0.672695
vt 0.115723 0.194538
vt 0.369007 0.799335
vt 0.029384 0.374903
vt 0.374027 0.805707
vt 0.041515 0.391880
vt 0.374786 0.815831
vt 0.054894 0.407708
vt 0.069210 0.421390
vt 0.377349 0.831200
vt 0.084592 0.432766
vt 0.384944 0.850074
vt 0.100032 0.440418
vt 0.398400 0.867193
vt 0.413309 0.881160
vt 0.112848 0.450669
vt 0.128150 0.460506
vt 0.428882 0.893857
vt 0.144740 0.466178
vt 0.446739 0.903839
vt 0.158940 0.469706
vt 0.464476 0.910500
vt 0.480317 0.918283
vt 0.171661 0.477745
vt 0.497755 0.926185
vt 0.187951 0.485345
vt 0.517385 0.931304
vt 0.205847 0.488754
vt 0.536889 0.934335
vt 0.221915 0.489826
vt 0.556595 0.938795
vt 0.237039 0.494487
vt 0.578838 0.941579
vt 0.255472 0.498204
vt 0.603078 0.940779
vt 0.274605 0.497420
vt 0.628007 0.937050
vt 0.291930 0.494990
vt 0.309317 0.494765
vt 0.328726 0.492971
vt 0.348333 0.487778
vt 0.367256 0.480454
vt 0.719686 0.892042
vt 0.385919 0.473022
vt 0.736849 0.874557
vt 0.404655 0.463962
vt 0.751092 0.856273
vt 0.423349 0.452545
vt 0.762380 0.837757
vt 0.442772 0.438977
vt 0.772854 0.819614
vt 0.461618 0.420781
vt 0.784661 0.801103
vt 0.475490 0.398649
vt 0.794571 0.780087
vt 0.484303 0.377209
vt 0.800651 0.758181
vt 0.490892 0.356770
vt 0.804836 0.736773
vt 0.497361 0.336592
vt 0.809168 0.714975
vt 0.501867 0.315839
vt 0.810660 0.692227
vt 0.503380 0.295482
vt 0.808504 0.670483
vt 0.503577 0.276011
vt 0.804981 0.650336
vt 0.503824 0.256157
vt 0.802369 0.629845
vt 0.501995 0.236061
vt 0.797223 0.608885
vt 0.497464 0.216911
vt 0.789019 0.589438
vt 0.779642 0.571467
vt 0.770221 0.553520
vt 0.479057 0.163203
vt 0.871051 0.497353
vt 0.479215 0.634402
vt 0.850118 0.556839
vt 0.243409 0.380737
vt 0.246988 0.303713
vt 0.256235 0.279392
vt 0.518091 0.659099
vt 0.869723 0.427931
vt 0.281943 0.223336
vt 0.833596 0.382738
vt 0.314593 0.187633
vt 0.839087 0.319739
vt 0.651873 0.678440
vt 0.868630 0.312029
vt 0.589419 0.678043
vt 0.868881 0.362654
vt 0.261833 0.413106
vt 0.852720 0.576882
vt 0.439177 0.592449
vt 0.871858 0.534075
vt 0.433220 0.578964
vt 0.433229 0.573089
vt 0.858743 0.629010
vt 0.440044 0.522626
vt 0.399506 0.428288
vt 0.863942 0.731209
vt 0.392481 0.431597
vt 0.509202 0.473173
vt 0.875679 0.714437
vt 0.518049 0.472775
vt 0.336380 0.170095
vt 0.354445 0.166242
vt 0.686510 0.667602
vt 0.868685 0.264211
vt 0.370976 0.163202
vt 0.377542 0.164972
vt 0.711342 0.640850
vt 0.868866 0.240575
vt 0.467873 0.306944
vt 0.857022 0.059807
vt 0.465595 0.316229
vt 0.412858 0.173855
vt 0.850841 0.213873
vt 0.421371 0.179644
vt 0.633657 0.485672
vt 0.869221 0.043121
vt 0.639913 0.488724
vt 0.723068 0.597228
vt 0.869211 0.194240
vt 0.854124 0.588444
vt 0.856949 0.610792
vt 0.433291 0.561558
vt 0.433771 0.539124
vt 0.262359 0.262214
vt 0.832805 0.410921
vt 0.263854 0.259145
vt 0.861526 0.662993
vt 0.459422 0.497090
vt 0.563108 0.673272
vt 0.869409 0.405259
vt 0.561598 0.672823
vt 0.863108 0.697875
vt 0.473601 0.485616
vt 0.487725 0.480553
vt 0.864157 0.748451
vt 0.534002 0.472011
vt 0.864258 0.782368
vt 0.564943 0.474162
vt 0.864397 0.798852
vt 0.456195 0.354392
vt 0.856818 0.009680
vt 0.592106 0.476941
vt 0.595349 0.477626
vt 0.856738 0.026871
vt 0.382276 0.166107
vt 0.610653 0.480825
vt 0.868889 0.235739
vt 0.856992 0.076918
vt 0.654228 0.495913
vt 0.857044 0.093986
vt 0.468651 0.261638
vt 0.856611 0.110508
vt 0.435231 0.188878
vt 0.853749 0.180040
vt 0.439671 0.192073
vt 0.445650 0.201780
vt 0.671062 0.504245
vt 0.681717 0.513485
vt 0.458893 0.222400
vt 0.855999 0.143952
vt 0.461302 0.232209
vt 0.720601 0.571480
vt 0.869392 0.177476
vt 0.719307 0.563240
vt 0.869340 0.160983
vt 0.701033 0.530993
vt 0.704896 0.537562
vt 0.259747 0.269500
vt 0.266142 0.254811
vt 0.269085 0.249369
vt 0.869569 0.416989
vt 0.869344 0.400006
vt 0.869262 0.393367
vt 0.460576 0.832482
vt 0.179394 0.352974
vt 0.435822 0.675260
vt 0.488311 0.690945
vt 0.449201 0.833785
vt 0.523847 0.786048
vt 0.434991 0.831613
vt 0.487166 0.824530
vt 0.388666 0.691508
vt 0.842228 0.499063
vt 0.243392 0.343833
vt 0.295933 0.440024
vt 0.295751 0.439882
vt 0.433937 0.536217
vt 0.873678 0.613374
vt 0.326431 0.449965
vt 0.860553 0.646737
vt 0.447081 0.507447
vt 0.447526 0.507063
vt 0.862769 0.680651
vt 0.362044 0.446003
vt 0.864464 0.765737
vt 0.434622 0.397857
vt 0.549985 0.471220
vt 0.556538 0.798342
vt 0.979458 0.188905
vt 0.666944 0.735225
vt 0.980558 0.325502
vt 0.120335 0.153973
vt 0.956851 0.142259
vt 0.107530 0.128611
vt 0.960096 0.112980
vt 0.138671 0.173912
vt 0.954179 0.168846
vt 0.133462 0.168152
vt 0.559443 0.876488
vt 0.977857 0.111293
vt 0.551426 0.849508
vt 0.978461 0.139662
vt 0.550381 0.825515
vt 0.978843 0.158608
vt 0.551116 0.822618
vt 0.980009 0.219513
vt 0.570825 0.771668
vt 0.980724 0.297518
vt 0.637399 0.731652
vt 0.280161 0.122974
vt 0.956024 0.356768
vt 0.279701 0.124806
vt 0.266069 0.073021
vt 0.960471 0.406165
vt 0.277542 0.100430
vt 0.958031 0.378048
vt 0.686973 0.744183
vt 0.980121 0.349934
vt 0.705124 0.762529
vt 0.979423 0.375458
vt 0.978177 0.404750
vt 0.158264 0.186332
vt 0.951878 0.192568
vt 0.106194 0.079857
vt 0.964374 0.069150
vt 0.111262 0.070472
vt 0.596689 0.909654
vt 0.977253 0.050177
vt 0.949758 0.219190
vt 0.949636 0.221078
vt 0.119440 0.055569
vt 0.966807 0.041900
vt 0.122001 0.053099
vt 0.624641 0.915339
vt 0.977083 0.030855
vt 0.258945 0.170707
vt 0.950464 0.298790
vt 0.197199 0.022626
vt 0.964392 0.487364
vt 0.205584 0.025346
vt 0.952892 0.325206
vt 0.705736 0.875694
vt 0.974423 0.476494
vt 0.953238 0.328986
vt 0.224506 0.032555
vt 0.963721 0.467851
vt 0.232773 0.038600
vt 0.718222 0.847276
vt 0.975999 0.448661
vt 0.713929 0.858179
vt 0.103010 0.106760
vt 0.961565 0.097505
vt 0.568544 0.888091
vt 0.977548 0.088493
vt 0.102619 0.105156
vt 0.574697 0.896264
vt 0.214718 0.195281
vt 0.948512 0.248923
vt 0.137147 0.038500
vt 0.977344 0.012329
vt 0.141070 0.034786
vt 0.154850 0.028356
vt 0.655691 0.912018
vt 0.972219 0.524285
vt 0.587722 0.752427
vt 0.590478 0.750735
vt 0.239558 0.186676
vt 0.236820 0.187714
vt 0.168326 0.022577
vt 0.684443 0.898479
vt 0.173947 0.022198
vt 0.972775 0.506086
vt 0.610968 0.738038
vt 0.980639 0.269748
vt 0.247979 0.050516
vt 0.249382 0.052244
vt 0.721704 0.816652
vt 0.255242 0.059771
vt 0.977018 0.429242
vt 0.977491 0.420562
vt 0.398053 0.817213
vt 0.397923 0.809466
vt 0.346020 0.762754
vt 0.380127 0.805504
vt 0.346819 0.727193
vt 0.354112 0.741668
vt 0.365270 0.733099
vt 0.354715 0.776997
vt 0.509306 0.709161
vt 0.187435 0.254729
vt 0.197782 0.278893
vt 0.022977 0.352484
vt 0.042063 0.352235
vt 0.069351 0.387865
vt 0.082819 0.380975
vt 0.101419 0.207212
vt 0.159843 0.375020
vt 0.158155 0.370796
vt 0.179451 0.353019
vt 0.199986 0.305553
vt 0.058432 0.372225
vt 0.107445 0.387309
vt 0.542323 0.781416
vt 0.249332 0.252125
vt 0.163856 0.210766
vt 0.658926 0.676510
vt 0.364987 0.788325
vt 0.380844 0.817794
vt 0.383322 0.832259
vt 0.391381 0.848718
vt 0.404377 0.863531
vt 0.418389 0.877118
vt 0.433224 0.889500
vt 0.450585 0.898558
vt 0.468425 0.905002
vt 0.484345 0.913171
vt 0.501087 0.921002
vt 0.668759 0.503117
vt 0.520251 0.925440
vt 0.539981 0.928367
vt 0.559657 0.933104
vt 0.581100 0.935856
vt 0.443293 0.468337
vt 0.571879 0.675040
vt 0.460435 0.460931
vt 0.477545 0.453778
vt 0.495161 0.448615
vt 0.513296 0.446292
vt 0.531254 0.445734
vt 0.548652 0.445055
vt 0.565595 0.445878
vt 0.581455 0.449764
vt 0.597102 0.452031
vt 0.613716 0.452162
vt 0.631395 0.454709
vt 0.648854 0.461005
vt 0.665459 0.469251
vt 0.682255 0.477336
vt 0.698853 0.486341
vt 0.713827 0.498499
vt 0.727402 0.512292
vt 0.741239 0.525868
vt 0.754317 0.540302
vt 0.652866 0.930967
vt 0.677492 0.922100
vt 0.700241 0.908470
vt 0.555566 0.802353
vt 0.462851 0.679514
vt 0.560575 0.877892
vt 0.550812 0.833230
vt 0.564559 0.689987
vt 0.544585 0.667428
vt 0.480979 0.636517
vt 0.635828 0.732063
vt 0.413782 0.824022
vt 0.690451 0.747759
vt 0.717340 0.789196
vt 0.509980 0.808500
vt 0.529131 0.759535
vt 0.607495 0.911924
vt 0.589343 0.905170
vt 0.628327 0.914976
vt 0.616119 0.913645
vt 0.433921 0.536447
vt 0.703478 0.878209
vt 0.387919 0.793324
vt 0.374825 0.796692
vt 0.400533 0.830212
vt 0.699820 0.653967
vt 0.656895 0.679245
vt 0.457292 0.846562
vt 0.483915 0.837505
vt 0.713254 0.634073
vt 0.501514 0.831083
vt 0.573754 0.894973
vt 0.566572 0.916885
vt 0.586118 0.919736
vt 0.722092 0.586502
vt 0.720811 0.606655
vt 0.523673 0.732784
vt 0.470953 0.661914
vt 0.670416 0.905364
vt 0.652001 0.924452
vt 0.675120 0.916496
vt 0.566689 0.674056
vt 0.688777 0.894283
vt 0.608384 0.739607
vt 0.696076 0.903482
vt 0.472792 0.486245
vt 0.499857 0.465242
vt 0.656760 0.710166
vt 0.731109 0.845375
vt 0.721377 0.814395
vt 0.719756 0.804780
vt 0.741112 0.827188
vt 0.549785 0.471230
vt 0.549525 0.463466
vt 0.579960 0.477292
vt 0.565114 0.463128
vt 0.359892 0.791777
vt 0.349118 0.780128
vt 0.340076 0.765851
vt 0.331491 0.750311
vt 0.337342 0.747771
vt 0.324566 0.733636
vt 0.330315 0.731621
vt 0.320851 0.715634
vt 0.327248 0.714629
vt 0.319533 0.699286
vt 0.325889 0.697517
vt 0.315463 0.682696
vt 0.344583 0.711354
vt 0.409475 0.842288
vt 0.321650 0.680964
vt 0.422120 0.853609
vt 0.313351 0.663643
vt 0.344038 0.694513
vt 0.319369 0.662906
vt 0.724857 0.637269
vt 0.433226 0.866071
vt 0.339519 0.678247
vt 0.315004 0.644029
vt 0.445598 0.877524
vt 0.321434 0.644271
vt 0.336417 0.662008
vt 0.628044 0.471821
vt 0.318600 0.625540
vt 0.740778 0.614231
vt 0.325334 0.626200
vt 0.339656 0.645551
vt 0.462218 0.884411
vt 0.369155 0.676768
vt 0.364895 0.662741
vt 0.466234 0.857472
vt 0.321988 0.606794
vt 0.344529 0.629126
vt 0.369886 0.649276
vt 0.479931 0.889821
vt 0.481756 0.861586
vt 0.328295 0.608002
vt 0.327808 0.587734
vt 0.391957 0.665383
vt 0.494985 0.898476
vt 0.346179 0.612110
vt 0.333489 0.589801
vt 0.498732 0.864709
vt 0.376239 0.635490
vt 0.336507 0.570198
vt 0.674111 0.493738
vt 0.510149 0.906469
vt 0.342222 0.573051
vt 0.349597 0.595527
vt 0.407172 0.658072
vt 0.720236 0.568971
vt 0.511443 0.873876
vt 0.375796 0.620113
vt 0.713482 0.553089
vt 0.528517 0.909348
vt 0.524094 0.882300
vt 0.358561 0.580916
vt 0.376528 0.605530
vt 0.693613 0.524297
vt 0.689696 0.500991
vt 0.520375 0.829680
vt 0.346187 0.554290
vt 0.352104 0.557441
vt 0.741059 0.551149
vt 0.728282 0.538464
vt 0.418728 0.646507
vt 0.531541 0.842738
vt 0.413042 0.630147
vt 0.547906 0.911649
vt 0.540918 0.882951
vt 0.368828 0.566833
vt 0.385888 0.594162
vt 0.534716 0.858987
vt 0.402137 0.615986
vt 0.355393 0.538000
vt 0.360873 0.541310
vt 0.558492 0.884710
vt 0.550021 0.849973
vt 0.419430 0.613517
vt 0.396532 0.582878
vt 0.551211 0.807424
vt 0.376208 0.551183
vt 0.366693 0.522015
vt 0.454353 0.639067
vt 0.371391 0.525814
vt 0.401515 0.568088
vt 0.384756 0.536492
vt 0.433832 0.588913
vt 0.604656 0.934471
vt 0.384721 0.512695
vt 0.380235 0.508151
vt 0.407081 0.554450
vt 0.607166 0.916210
vt 0.397696 0.525284
vt 0.628564 0.930104
vt 0.398898 0.500985
vt 0.394282 0.496179
vt 0.411742 0.514746
vt 0.432804 0.537893
vt 0.423940 0.502052
vt 0.407846 0.483671
vt 0.412156 0.488392
vt 0.423189 0.472033
vt 0.426697 0.476955
vt 0.555228 0.670812
vt 0.440049 0.462848
vt 0.452631 0.483886
vt 0.578445 0.676162
vt 0.714259 0.887940
vt 0.469122 0.478246
vt 0.457368 0.454934
vt 0.484294 0.470856
vt 0.475228 0.447798
vt 0.731359 0.871332
vt 0.717067 0.860911
vt 0.493749 0.442722
vt 0.673040 0.733690
vt 0.745615 0.853673
vt 0.756553 0.835215
vt 0.704883 0.759635
vt 0.516314 0.464433
vt 0.724123 0.793543
vt 0.512339 0.439977
vt 0.708022 0.720796
vt 0.679498 0.694834
vt 0.712798 0.739402
vt 0.735748 0.778866
vt 0.722347 0.754968
vt 0.750487 0.808390
vt 0.766993 0.816544
vt 0.533097 0.464924
vt 0.530712 0.438999
vt 0.708326 0.669910
vt 0.762421 0.791138
vt 0.746480 0.764631
vt 0.719114 0.705698
vt 0.548627 0.438624
vt 0.719187 0.684765
vt 0.778890 0.798295
vt 0.748381 0.747159
vt 0.748831 0.728875
vt 0.772641 0.773400
vt 0.566330 0.439857
vt 0.755225 0.711724
vt 0.733693 0.695188
vt 0.788781 0.778356
vt 0.580179 0.467911
vt 0.776850 0.753663
vt 0.714523 0.652126
vt 0.794365 0.757092
vt 0.779470 0.733396
vt 0.749798 0.662273
vt 0.582230 0.443424
vt 0.596121 0.470586
vt 0.759915 0.695127
vt 0.755561 0.678837
vt 0.784725 0.713631
vt 0.798222 0.735778
vt 0.612281 0.470587
vt 0.750246 0.644462
vt 0.596859 0.445454
vt 0.787754 0.694035
vt 0.802776 0.714523
vt 0.613622 0.445732
vt 0.749547 0.627741
vt 0.730726 0.600642
vt 0.780131 0.655791
vt 0.642828 0.478718
vt 0.784670 0.674852
vt 0.725689 0.584427
vt 0.632331 0.448723
vt 0.804657 0.692831
vt 0.658075 0.487003
vt 0.778719 0.636222
vt 0.802276 0.671839
vt 0.757727 0.584678
vt 0.650910 0.454893
vt 0.798476 0.651663
vt 0.775790 0.617462
vt 0.702385 0.512917
vt 0.767417 0.600877
vt 0.714526 0.526440
vt 0.749956 0.567278
vt 0.668174 0.463097
vt 0.796126 0.631297
vt 0.684977 0.471543
vt 0.791615 0.611124
vt 0.773875 0.574851
vt 0.701906 0.481107
vt 0.783404 0.592473
vt 0.764870 0.557043
vt 0.717896 0.493518
vt 0.732025 0.507439
vt 0.745740 0.521345
vt 0.912563 0.077219
vt 0.904615 0.606221
vt 0.971685 0.537656
vt 0.969303 0.007451
vt 0.856843 0.006026
vt 0.876519 0.812412
vn -0.685719 -0.158485 -0.710403
vn -0.611475 -0.141313 -0.778543
vn 0.160622 -0.979128 -0.124533
vn 0.142665 -0.982897 -0.116450
vn 0.135183 -0.985963 -0.097990
vn -0.752736 -0.173816 -0.634961
vn -0.435934 0.878090 -0.197279
vn -0.412558 0.885877 -0.212175
vn -0.450349 0.876089 -0.172205
vn -0.568980 -0.130769 -0.811888
vn 0.168739 -0.977953 -0.123023
vn 0.136849 -0.986512 -0.089816
vn -0.785530 -0.181756 -0.591530
vn -0.398343 0.891222 -0.216903
vn -0.455180 0.876470 -0.156882
vn -0.525041 -0.120087 -0.842562
vn 0.169571 -0.976741 -0.131237
vn -0.816095 -0.189401 -0.546001
vn 0.128656 -0.987713 -0.088715
vn -0.389190 0.891961 -0.230082
vn -0.467291 0.871679 -0.147699
vn 0.218047 -0.975060 -0.041390
vn 0.211844 -0.976694 -0.034512
vn 0.227232 -0.972851 -0.043903
vn -0.439107 -0.100492 -0.892797
vn 0.182125 -0.972339 -0.146245
vn -0.866366 -0.201127 -0.457119
vn 0.113934 -0.990631 -0.075298
vn 0.228360 -0.972715 -0.040949
vn 0.211470 -0.976765 -0.034805
vn -0.368022 0.895722 -0.249484
vn -0.485134 0.865325 -0.125928
vn -0.374787 0.918222 -0.128075
vn -0.387385 0.914880 -0.113700
vn -0.359016 0.923155 -0.137452
vn 0.225973 -0.973188 -0.042921
vn 0.208076 -0.977398 -0.037387
vn -0.350816 0.925833 -0.140574
vn -0.393397 0.913212 -0.106224
vn -0.348568 -0.079619 -0.933896
vn -0.341386 0.904383 -0.256022
vn -0.907484 -0.210554 -0.363510
vn -0.491491 0.865393 -0.097633
vn 0.201571 -0.968193 -0.148228
vn 0.112308 -0.992139 -0.055208
vn 0.231968 -0.971428 -0.050186
vn 0.200409 -0.979222 -0.030999
vn -0.345315 0.926752 -0.147947
vn -0.401711 0.910247 -0.100393
vn 0.241188 -0.969135 -0.051038
vn 0.197390 -0.980088 -0.021561
vn -0.330644 0.930051 -0.160251
vn -0.413652 0.906432 -0.085277
vn -0.298456 -0.067253 -0.952051
vn -0.326484 0.909923 -0.255829
vn -0.925644 -0.214930 -0.311429
vn -0.491584 0.866994 -0.081651
vn 0.208847 -0.967247 -0.144280
vn 0.116347 -0.992054 -0.047874
vn -0.312796 0.935289 -0.165510
vn -0.420663 0.904764 -0.066674
vn 0.241390 -0.969246 -0.047896
vn 0.198724 -0.979837 -0.020719
vn -0.247711 -0.054911 -0.967277
vn 0.212061 -0.965407 -0.151722
vn -0.940980 -0.218859 -0.258179
vn 0.108862 -0.993071 -0.044261
vn 0.242036 -0.969933 -0.025479
vn 0.242617 -0.969919 -0.019863
vn -0.313841 0.911574 -0.265586
vn -0.500371 0.863066 -0.068893
vn -0.304083 0.938105 -0.165810
vn -0.422632 0.904531 -0.056624
vn 0.232674 -0.972386 -0.018129
vn 0.231522 -0.972656 -0.018373
vn 0.241507 -0.970226 -0.018312
vn 0.233159 -0.972226 -0.020332
vn 0.230025 -0.973050 -0.016207
vn 0.245879 -0.969042 -0.022361
vn -0.151248 -0.032926 -0.987947
vn 0.228405 -0.960025 -0.161814
vn -0.961831 -0.223884 -0.157345
vn 0.098798 -0.994746 -0.026825
vn -0.345084 0.930866 -0.120028
vn -0.336757 0.933991 -0.119394
vn 0.252338 -0.967383 -0.022267
vn 0.239699 -0.969532 -0.050523
vn 0.196066 -0.980361 -0.021209
vn -0.374020 0.922908 -0.091382
vn -0.369401 0.923961 -0.099193
vn -0.287896 0.916598 -0.277422
vn -0.510930 0.858579 -0.042339
vn -0.330885 0.935656 -0.122734
vn -0.379542 0.921331 -0.084241
vn -0.387082 0.919241 -0.071864
vn -0.318201 0.938771 -0.132123
vn -0.296643 0.939536 -0.171102
vn -0.427596 0.902708 -0.047750
vn -0.302267 0.943505 -0.135770
vn 0.250631 -0.967897 -0.018981
vn 0.239378 -0.970545 -0.027215
vn 0.251374 -0.967814 -0.012149
vn 0.247546 -0.967286 -0.055480
vn 0.191790 -0.981363 -0.011927
vn 0.229273 -0.973306 -0.010426
vn 0.227962 -0.973619 -0.009939
vn 0.247469 -0.956008 -0.157505
vn -0.053189 -0.010448 -0.998530
vn 0.103218 -0.994634 -0.007093
vn -0.972503 -0.226336 -0.054870
vn -0.260622 0.925465 -0.274937
vn -0.508689 0.860844 -0.013534
vn 0.228597 -0.973450 -0.011786
vn -0.279030 0.943616 -0.178133
vn -0.433544 0.900679 -0.028593
vn 0.256554 -0.965057 -0.053332
vn 0.192868 -0.981223 -0.001832
vn -0.295784 0.945704 -0.134745
vn -0.395376 0.917318 -0.046972
vn -0.393371 0.917679 -0.055896
vn 0.247359 -0.968706 -0.020562
vn 0.227152 -0.973797 -0.011055
vn 0.226640 -0.973960 -0.006025
vn -0.398657 0.916275 -0.038889
vn -0.352280 0.928394 -0.118249
vn -0.332591 0.937254 -0.104585
vn 0.247801 -0.968765 -0.009489
vn 0.251535 -0.967771 -0.012191
vn -0.260486 0.949051 -0.177337
vn -0.433692 0.901019 -0.008682
vn 0.251204 -0.967864 -0.011628
vn 0.249437 -0.968348 -0.009123
vn 0.247359 -0.968872 -0.009986
vn 0.253225 -0.955469 -0.151514
vn -0.000305 0.002626 -0.999997
vn 0.109268 -0.994011 -0.001335
vn -0.973973 -0.226665 0.000631
vn -0.246490 0.930828 -0.269818
vn -0.504085 0.863653 0.001552
vn 0.252545 -0.967274 -0.024552
vn 0.255749 -0.966685 -0.010649
vn -0.402601 0.915093 -0.022747
vn -0.401277 0.915357 -0.033138
vn -0.290886 0.946507 -0.139680
vn 0.255815 -0.965416 -0.050303
vn 0.193826 -0.981035 -0.001365
vn 0.258668 -0.965705 -0.022459
vn -0.327800 0.938515 -0.108338
vn -0.331469 0.937566 -0.105348
vn -0.275631 0.949999 -0.146729
vn -0.252091 0.951792 -0.174763
vn -0.433112 0.901339 0.001508
vn -0.312158 0.942578 -0.118761
vn -0.321981 0.939856 -0.114014
vn -0.316224 0.941873 -0.113481
vn 0.052520 0.015491 -0.998500
vn 0.258468 -0.953098 -0.157474
vn -0.972403 -0.226467 0.056081
vn 0.103222 -0.994648 0.004433
vn 0.226904 -0.973917 -0.000585
vn -0.297752 0.947178 -0.119155
vn 0.253876 -0.967212 -0.006938
vn -0.231511 0.933100 -0.275185
vn -0.508666 0.860803 0.016624
vn -0.259322 0.954828 -0.145108
vn -0.403323 0.915022 -0.008098
vn 0.256067 -0.966454 -0.019897
vn 0.254991 -0.965471 -0.053336
vn 0.191943 -0.981406 -0.000915
vn 0.252231 -0.967636 -0.007761
vn 0.254543 -0.966991 -0.011698
vn 0.227606 -0.973753 -0.001174
vn -0.289786 0.950083 -0.115609
vn 0.150475 0.037766 -0.987892
vn 0.276970 -0.947176 -0.161693
vn -0.961562 -0.224227 0.158497
vn 0.098786 -0.994815 0.024171
vn -0.243434 0.953547 -0.177447
vn -0.434501 0.900594 0.011782
vn -0.253448 0.956869 -0.142005
vn -0.203261 0.938764 -0.278223
vn -0.510900 0.858439 0.045430
vn 0.257905 -0.966131 -0.008717
vn -0.403011 0.915195 0.001236
vn 0.263912 -0.962949 -0.055497
vn 0.190791 -0.981587 0.009260
vn -0.283373 0.951382 -0.120719
vn -0.273722 0.952984 -0.129992
vn 0.256873 -0.966430 -0.005448
vn 0.253289 -0.967364 -0.007139
vn 0.253443 -0.967090 -0.022455
vn 0.226682 -0.973966 -0.002202
vn 0.226787 -0.973940 0.003032
vn -0.224571 0.957969 -0.178501
vn -0.434373 0.900174 0.031743
vn -0.262278 0.956947 -0.124351
vn 0.293821 -0.943773 -0.151531
vn 0.246913 0.059846 -0.967188
vn 0.108840 -0.993189 0.041592
vn -0.940542 -0.219435 0.259285
vn -0.178035 0.947142 -0.266882
vn -0.500319 0.862843 0.071995
vn 0.256099 -0.966626 -0.006968
vn -0.247334 0.957994 -0.145167
vn 0.271850 -0.961011 -0.050559
vn 0.194114 -0.980797 0.018916
vn -0.403588 0.914872 0.011240
vn -0.402476 0.915074 0.025557
vn 0.259537 -0.965421 -0.024567
vn 0.255805 -0.966722 -0.003413
vn -0.207163 0.963121 -0.171701
vn -0.429255 0.901730 0.051222
vn -0.295063 0.949289 -0.108571
vn -0.308398 0.944892 -0.109866
vn -0.230712 0.961856 -0.146988
vn -0.254184 0.959597 -0.120680
vn 0.264813 -0.964049 -0.021978
vn 0.254287 -0.967090 -0.008717
vn 0.297532 -0.943777 -0.144080
vn 0.297687 0.072341 -0.951919
vn 0.116324 -0.992183 0.045195
vn -0.925134 -0.215629 0.312459
vn 0.255851 -0.966714 -0.002003
vn -0.166111 0.951949 -0.257293
vn -0.491508 0.866742 0.084726
vn -0.271155 0.956390 -0.108592
vn 0.270340 -0.961564 -0.048076
vn 0.195894 -0.980444 0.018847
vn 0.257644 -0.966169 -0.011712
vn -0.216053 0.965989 -0.142079
vn -0.199882 0.965547 -0.166634
vn -0.425060 0.903137 0.060567
vn -0.245830 0.961295 -0.124420
vn 0.256088 -0.966652 -0.001974
vn 0.263688 -0.964322 -0.023473
vn 0.259217 -0.965778 -0.008967
vn -0.276710 0.955941 -0.098020
vn 0.347700 0.084490 -0.933791
vn 0.304273 -0.941019 -0.147992
vn -0.906927 -0.211385 0.364417
vn 0.112287 -0.992286 0.052541
vn -0.233870 0.963509 -0.130211
vn -0.150209 0.954475 -0.257711
vn -0.491400 0.865096 0.100672
vn 0.229258 -0.973336 0.007566
vn 0.228636 -0.973473 0.008735
vn -0.209442 0.967522 -0.141542
vn 0.271184 -0.961060 -0.053128
vn 0.194243 -0.980750 0.019980
vn 0.227990 -0.973637 0.007212
vn 0.256842 -0.966432 -0.006367
vn 0.256841 -0.966433 -0.006369
vn 0.256861 -0.966428 -0.006354
vn 0.255097 -0.966910 -0.003335
vn -0.227785 0.965791 -0.123946
vn -0.190369 0.967160 -0.168407
vn -0.423394 0.903179 0.070751
vn -0.395364 0.917161 0.050026
vn -0.398687 0.916154 0.041352
vn 0.261842 -0.965038 -0.011824
vn 0.262004 -0.964995 -0.011815
vn 0.262004 -0.964995 -0.011815
vn 0.261817 -0.965050 -0.011374
vn -0.255074 0.961741 -0.099959
vn -0.393364 0.917494 0.058906
vn 0.438057 0.105027 -0.892791
vn 0.323092 -0.935047 -0.145944
vn -0.865736 -0.202185 0.457845
vn 0.113901 -0.990834 0.072628
vn 0.261722 -0.964680 -0.029905
vn -0.122355 0.960065 -0.251603
vn -0.485034 0.864936 0.128950
vn 0.282559 -0.957451 -0.058721
vn 0.196912 -0.979963 0.029958
vn 0.227326 -0.973781 0.008566
vn 0.229914 -0.973120 0.013301
vn -0.243764 0.963836 -0.107703
vn -0.235728 0.964423 -0.119673
vn -0.235807 0.964398 -0.119718
vn -0.235798 0.964400 -0.119713
vn -0.216737 0.967933 -0.127008
vn -0.216212 0.967934 -0.127895
vn -0.216212 0.967934 -0.127895
vn -0.216012 0.967997 -0.127751
vn -0.169760 0.970765 -0.169697
vn -0.416603 0.904629 0.089936
vn -0.387083 0.919003 0.074842
vn -0.392233 0.917583 0.064770
vn -0.204831 0.967615 -0.147534
vn 0.256110 -0.966646 -0.001578
vn 0.128616 -0.987957 0.086024
vn -0.815433 -0.190556 0.546587
vn 0.337086 -0.932034 -0.132988
vn 0.523917 0.124621 -0.842604
vn -0.100690 0.966904 -0.234433
vn -0.467184 0.871219 0.150721
vn -0.294186 0.949962 -0.105014
vn -0.298125 0.950613 -0.086354
vn -0.298125 0.950613 -0.086354
vn -0.299494 0.950277 -0.085306
vn -0.222523 0.974927 0.000662
vn 0.204466 -0.978179 0.036885
vn 0.295087 -0.953561 -0.060383
vn -0.148420 0.974854 -0.166229
vn -0.404709 0.908331 0.105575
vn -0.239329 0.966021 -0.097596
vn 0.233037 -0.972316 0.017159
vn 0.273532 -0.961475 -0.027328
vn 0.273488 -0.961483 -0.027482
vn 0.266193 -0.963438 -0.030472
vn 0.301613 -0.951196 -0.065235
vn 0.136804 -0.986760 0.087122
vn -0.784889 -0.182971 0.592006
vn 0.343487 -0.929902 -0.131529
vn 0.567834 0.135427 -0.811926
vn 0.207599 -0.977591 0.034917
vn 0.300958 -0.951338 -0.066177
vn 0.301900 -0.951076 -0.065662
vn -0.086775 0.969850 -0.227732
vn -0.455078 0.875983 0.159871
vn -0.174462 0.975164 -0.136452
vn -0.189820 0.971233 -0.143789
vn -0.174997 0.975000 -0.136932
vn -0.379595 0.921077 0.086750
vn -0.136965 0.976256 -0.167826
vn -0.136650 0.976229 -0.168239
vn -0.134642 0.976800 -0.166535
vn -0.396660 0.911118 0.111911
vn 0.232729 -0.972420 0.015360
vn 0.231694 -0.972660 0.015845
vn 0.208553 -0.977400 0.034578
vn 0.358565 -0.922638 -0.142023
vn 0.302502 -0.950781 -0.067138
vn 0.610314 0.145694 -0.778646
vn -0.752112 -0.175266 0.635303
vn 0.135141 -0.986233 0.095299
vn -0.450255 0.875552 0.175157
vn -0.062814 0.970832 -0.231386
vn -0.125437 0.978873 -0.161472
vn -0.373831 0.922680 0.094408
vn -0.390090 0.913003 0.119399
vn -0.368952 0.923759 0.102687
vn 0.256291 -0.966598 -0.001605
vn 0.255998 -0.966676 -0.001651
vn 0.256088 -0.966652 -0.001502
vn 0.236134 -0.971489 0.021233
vn 0.215616 -0.975617 0.041011
vn 0.256077 -0.966655 -0.001477
vn 0.142609 -0.983221 0.113747
vn 0.684447 0.162504 -0.710721
vn 0.380371 -0.914717 -0.136422
vn -0.685107 -0.160215 0.710605
vn 0.256070 -0.966657 -0.001479
vn -0.435821 0.877481 0.200221
vn -0.033038 0.975196 -0.218865
vn -0.376701 0.916685 0.133363
vn -0.358113 0.926537 0.115257
vn 0.256085 -0.966653 -0.001450
vn 0.256065 -0.966659 -0.001462
vn 0.256148 -0.966637 -0.001488
vn 0.256101 -0.966649 -0.001534
vn 0.256318 -0.966592 -0.001342
vn 0.160562 -0.979481 0.121809
vn 0.226069 -0.973192 0.042306
vn -0.325026 0.943583 -0.063321
vn -0.610960 -0.143239 0.778595
vn 0.386373 -0.915383 -0.113095
vn 0.751366 0.177796 -0.635482
vn -0.412456 0.885222 0.215087
vn -0.021469 0.981735 -0.189037
vn -0.359720 0.922238 0.141702
vn 0.241063 -0.970211 0.024059
vn 0.239005 -0.970719 0.024087
vn -0.342003 0.939107 -0.033349
vn -0.348032 0.937482 0.001080
vn -0.325038 0.943370 0.066361
vn -0.342019 0.938989 0.036359
vn -0.345352 0.930046 0.125485
vn -0.352557 0.927945 0.120924
vn -0.202205 0.976114 -0.079460
vn -0.177393 0.982679 -0.053598
vn -0.299872 0.949911 0.088014
vn 0.168672 -0.978304 0.120298
vn 0.228069 -0.972891 0.038312
vn -0.568538 -0.132798 0.811868
vn 0.377200 -0.921094 -0.096463
vn 0.784149 0.185887 -0.592077
vn 0.240857 -0.970365 0.019484
vn 0.241911 -0.970001 0.024036
vn 0.247693 -0.968814 0.006949
vn -0.398251 0.890554 0.219796
vn -0.026099 0.985872 -0.165455
vn 0.247415 -0.968881 0.007402
vn 0.240723 -0.970450 0.016719
vn -0.350903 0.925316 0.143725
vn 0.317182 -0.947085 -0.049254
vn 0.318032 -0.946708 -0.050982
vn 0.225917 -0.973321 0.040094
vn -0.089841 0.988679 -0.120178
vn -0.094714 0.987018 -0.129708
vn -0.342430 0.930879 0.127308
vn -0.338586 0.932511 0.125628
vn -0.326836 0.938352 0.112580
vn -0.331482 0.934817 0.127421
vn -0.321230 0.939647 0.117792
vn 0.169500 -0.977115 0.128516
vn -0.345250 0.926306 0.150866
vn -0.524657 -0.122239 0.842492
vn 0.814743 0.193276 -0.546661
vn 0.378681 -0.921176 -0.089640
vn -0.389093 0.891260 0.232942
vn -0.019715 0.988322 -0.151101
vn 0.311846 -0.949158 -0.043032
vn 0.316308 -0.947340 -0.049952
vn 0.316687 -0.947198 -0.050249
vn 0.280740 -0.959579 -0.019842
vn 0.251278 -0.967871 0.009261
vn 0.245809 -0.969115 0.019871
vn 0.248163 -0.968694 0.006870
vn 0.310447 -0.950123 -0.029812
vn 0.283740 -0.958824 -0.012170
vn 0.280882 -0.959538 -0.019797
vn 0.231919 -0.971582 0.047359
vn 0.256784 -0.966466 0.002361
vn 0.255789 -0.966691 0.008951
vn 0.252054 -0.967705 0.003883
vn -0.090360 0.990219 -0.106309
vn -0.088156 0.989085 -0.118067
vn -0.088558 0.989083 -0.117780
vn -0.120764 0.989393 -0.080732
vn -0.252422 0.962103 0.103154
vn -0.275522 0.955971 0.101035
vn -0.271147 0.956056 0.111522
vn 0.253377 -0.967358 0.004242
vn 0.255783 -0.966734 -0.001029
vn 0.255787 -0.966733 0.000483
vn 0.252200 -0.967663 0.004858
vn 0.182059 -0.972758 0.143516
vn 0.390801 -0.917405 -0.075112
vn -0.120311 0.989492 -0.080189
vn -0.113663 0.991407 -0.064754
vn -0.087222 0.992605 -0.084422
vn 0.252291 -0.967457 0.019393
vn -0.295090 0.949650 0.105290
vn -0.298190 0.950320 0.089299
vn -0.318074 0.938326 0.135552
vn -0.330596 0.929565 0.163140
vn -0.311815 0.942188 0.122693
vn -0.318665 0.940554 0.117519
vn 0.257908 -0.966169 -0.000411
vn 0.256195 -0.966624 -0.001495
vn 0.260798 -0.965391 -0.002263
vn -0.438868 -0.102774 0.892655
vn 0.865067 0.204640 -0.458019
vn -0.367945 0.894964 0.252302
vn -0.002694 0.991743 -0.128217
vn -0.296812 0.946746 0.124801
vn -0.295134 0.948966 0.111169
vn -0.310671 0.943892 0.112029
vn 0.250583 -0.967961 0.016105
vn 0.241132 -0.969295 0.048200
vn -0.302228 0.943095 0.138671
vn -0.289354 0.949739 0.119460
vn -0.283361 0.951009 0.123645
vn 0.247317 -0.968773 0.017696
vn 0.256523 -0.966538 -0.001083
vn 0.256079 -0.966647 0.004053
vn 0.257882 -0.966159 0.005806
vn 0.258339 -0.966045 -0.004209
vn 0.258739 -0.965925 -0.006575
vn 0.263069 -0.964777 0.000412
vn 0.201502 -0.968626 0.145470
vn 0.392940 -0.917910 -0.055137
vn 0.305218 -0.952118 -0.017696
vn -0.312752 0.934791 0.168379
vn 0.265716 -0.964023 -0.007445
vn 0.263296 -0.964704 -0.004701
vn 0.260810 -0.965388 -0.002246
vn 0.283259 -0.959014 -0.007503
vn 0.277191 -0.960768 -0.009480
vn 0.266061 -0.963928 -0.007446
vn -0.348457 -0.082063 0.933726
vn 0.906261 0.213935 -0.364585
vn 0.254515 -0.967029 0.008800
vn -0.159891 0.987024 -0.014802
vn -0.149798 0.988668 -0.009801
vn -0.137959 0.990275 -0.017968
vn -0.295742 0.945299 0.137649
vn -0.341338 0.903601 0.258831
vn 0.003004 0.995027 -0.099559
vn -0.088851 0.994034 -0.063256
vn 0.241332 -0.969396 0.045061
vn 0.255720 -0.966751 0.000522
vn 0.254264 -0.967117 0.005802
vn 0.275735 -0.961175 -0.010670
vn 0.266056 -0.963928 -0.007602
vn 0.266056 -0.963928 -0.007602
vn -0.290862 0.946084 0.142563
vn -0.115979 0.992250 -0.044593
vn -0.110024 0.992714 -0.049139
vn -0.129817 0.990803 -0.038169
vn 0.265953 -0.963981 -0.003127
vn 0.260811 -0.965387 -0.002244
vn 0.257165 -0.966366 -0.001618
vn 0.259608 -0.965714 0.000895
vn 0.261554 -0.965170 0.006007
vn 0.259718 -0.965667 0.005875
vn 0.252506 -0.967352 0.021682
vn 0.278197 -0.960510 -0.005177
vn -0.304039 0.937609 0.168671
vn -0.137923 0.990281 -0.017901
vn -0.133709 0.990679 -0.026026
vn -0.130394 0.990750 -0.037573
vn 0.239642 -0.969689 0.047693
vn 0.300406 -0.953665 -0.016720
vn 0.302754 -0.952892 -0.018335
vn -0.254169 0.959233 0.123573
vn -0.262260 0.956572 0.127242
vn -0.158191 0.987405 0.002795
vn -0.135633 0.990751 0.003987
vn -0.133221 0.991060 -0.007255
vn 0.208776 -0.967671 0.141514
vn 0.389448 -0.919805 -0.047848
vn -0.273714 0.952588 0.132876
vn -0.298440 -0.069743 0.951877
vn 0.924471 0.218322 -0.312551
vn -0.326442 0.909143 0.258640
vn 0.002301 0.996520 -0.083326
vn -0.090799 0.994431 -0.053502
vn -0.115524 0.992589 -0.037699
vn -0.129682 0.990828 -0.037970
vn -0.129682 0.990829 -0.037970
vn -0.238346 0.964802 0.111127
vn -0.245823 0.960920 0.127293
vn -0.296609 0.939023 0.173952
vn -0.085731 0.995268 -0.045746
vn -0.275618 0.949557 0.149588
vn -0.127445 0.991652 -0.019578
vn -0.110669 0.993608 -0.022271
vn 0.258638 -0.965776 0.019573
vn 0.276180 -0.961105 0.001233
vn -0.137919 0.990282 -0.017894
vn 0.211988 -0.965854 0.148957
vn 0.396364 -0.917027 -0.044244
vn 0.247494 -0.967459 0.052636
vn 0.307478 -0.951502 -0.010086
vn 0.256033 -0.966518 0.017009
vn 0.273721 -0.961808 -0.001499
vn 0.257630 -0.966204 0.008805
vn -0.313801 0.910769 0.268380
vn 0.012182 0.997445 -0.070396
vn 0.234271 -0.971949 -0.020790
vn 0.237094 -0.971163 -0.025086
vn 0.231335 -0.972682 -0.019332
vn -0.247730 -0.057461 0.967124
vn 0.939926 0.221985 -0.259348
vn 0.253408 -0.967161 0.019576
vn 0.265206 -0.964176 -0.005558
vn 0.276186 -0.961095 -0.004229
vn -0.259307 0.954394 0.147958
vn -0.112487 0.993641 -0.004952
vn -0.279004 0.943084 0.180968
vn -0.078877 0.996510 -0.027336
vn 0.228334 -0.960506 0.159036
vn 0.405795 -0.913568 -0.026911
vn -0.253436 0.956445 0.144855
vn -0.115659 0.993288 0.001361
vn 0.227336 -0.973752 -0.011220
vn 0.256511 -0.965223 0.050473
vn 0.305437 -0.952212 -0.000704
vn -0.376020 0.922343 -0.088832
vn -0.224450 0.966410 0.125195
vn -0.233886 0.963118 0.133045
vn -0.356490 0.927303 -0.114126
vn -0.367305 0.924383 -0.102973
vn -0.287872 0.915771 0.280166
vn 0.023928 0.998770 -0.043439
vn -0.247336 0.957559 0.148007
vn -0.134035 0.990919 0.010716
vn -0.112484 0.993624 0.007660
vn 0.269064 -0.963122 0.000573
vn 0.278416 -0.960458 0.002179
vn 0.259516 -0.965495 0.021682
vn -0.151350 -0.035540 0.987841
vn 0.960977 0.226638 -0.158617
vn -0.260468 0.948525 0.180160
vn -0.079932 0.996771 -0.007648
vn 0.255772 -0.965572 0.047443
vn 0.302555 -0.953131 -0.001515
vn -0.392288 0.917782 -0.061532
vn 0.264757 -0.964139 0.018412
vn 0.247407 -0.956481 0.154708
vn 0.401951 -0.915632 -0.007319
vn 0.305438 -0.952209 -0.002326
vn 0.254958 -0.965634 0.050479
vn -0.128385 0.991448 0.023406
vn -0.110638 0.993542 0.025164
vn -0.230721 0.961419 0.149807
vn -0.252086 0.951272 0.177578
vn -0.082632 0.996579 0.001329
vn -0.260615 0.924657 0.277651
vn 0.020764 0.999684 -0.014144
vn -0.053373 -0.013076 0.998489
vn 0.971796 0.229007 -0.056288
vn 0.276407 -0.961009 0.007857
vn 0.276636 -0.960971 0.002575
vn 0.257652 -0.965961 0.023115
vn 0.260119 -0.965534 0.009068
vn -0.243444 0.953019 0.180251
vn -0.079937 0.996747 0.010296
vn -0.215639 0.965845 0.143680
vn 0.253165 -0.955924 0.148715
vn 0.396478 -0.918043 -0.001576
vn 0.307487 -0.951526 0.007057
vn 0.263883 -0.963118 0.052627
vn -0.246503 0.930034 0.272531
vn 0.015226 0.999883 0.001224
vn -0.000525 -0.000049 1.000000
vn 0.973350 0.229324 -0.000772
vn 0.279300 -0.960181 0.006603
vn 0.268030 -0.963402 0.003985
vn 0.401969 -0.915644 0.004174
vn 0.258414 -0.953572 0.154672
vn -0.078883 0.996433 0.029977
vn -0.224579 0.957445 0.181284
vn 0.271819 -0.961167 0.047670
vn 0.302764 -0.952943 0.015313
vn -0.231536 0.932293 0.277885
vn 0.020767 0.999647 0.016579
vn 0.266414 -0.962633 0.048594
vn 0.300386 -0.953714 0.014087
vn 0.405818 -0.913645 0.023771
vn 0.276928 -0.947666 0.158871
vn 0.971918 0.228846 0.054816
vn 0.052327 0.012788 0.998548
vn -0.121207 0.991280 0.051706
vn -0.090178 0.994522 0.052858
vn -0.207171 0.962623 0.174465
vn 0.269931 -0.962547 0.025310
vn 0.278248 -0.959503 0.043953
vn -0.203294 0.937962 0.280888
vn 0.023924 0.998661 0.045866
vn -0.198939 0.965538 0.167807
vn -0.207610 0.968128 0.140094
vn -0.711359 0.458223 0.532917
vn -0.097092 0.993792 0.054323
vn 0.961295 0.226249 0.157236
vn 0.150340 0.035140 0.988010
vn 0.293782 -0.944238 0.148684
vn 0.396382 -0.917165 0.041109
vn 0.282005 -0.959397 0.005544
vn 0.304842 -0.952283 0.015095
vn 0.307643 -0.951150 0.025872
vn 0.281437 -0.959526 0.010192
vn 0.012165 0.997269 0.072844
vn -0.178078 0.946386 0.269521
vn 0.389469 -0.919953 0.044726
vn 0.297499 -0.944220 0.141217
vn 0.246817 0.057285 0.967368
vn 0.940426 0.221384 0.258049
vn 0.392978 -0.918075 0.052031
vn 0.304253 -0.941473 0.145119
vn -0.166156 0.951221 0.259943
vn 0.002280 0.996310 0.085794
vn 0.297631 0.069823 0.952124
vn 0.925046 0.217609 0.311346
vn -0.198691 0.964213 0.175544
vn -0.150256 0.953751 0.260350
vn -0.090800 0.994061 0.059992
vn 0.002984 0.994778 0.102024
vn 0.301937 -0.952665 0.035536
vn 0.309795 -0.949869 0.042137
vn 0.390857 -0.917628 0.072040
vn 0.295015 -0.954834 0.035467
vn 0.323099 -0.935490 0.143059
vn 0.303246 -0.951864 0.044684
vn 0.276856 -0.959919 0.043668
vn 0.284938 -0.958527 -0.006058
vn -0.089863 0.992255 0.085763
vn -0.002709 0.991419 0.130691
vn -0.185663 0.965073 0.184833
vn -0.122413 0.959373 0.254202
vn 0.227327 -0.973813 -0.003350
vn 0.379362 -0.921027 0.088277
vn 0.334983 -0.932807 0.132879
vn 0.906907 0.213023 0.363511
vn 0.347755 0.082043 0.933989
vn 0.342369 -0.933629 0.105456
vn -0.101166 0.989195 0.106107
vn -0.024094 0.988190 0.151328
vn -0.101118 0.967936 0.229947
vn -0.129974 0.975569 0.177119
vn 0.368814 -0.925550 0.085631
vn 0.350360 -0.932277 0.090045
vn 0.295761 -0.954190 0.045235
vn -0.101891 0.969841 0.221420
vn -0.138631 0.975059 0.173322
vn 0.865787 0.203462 0.457183
vn 0.438273 0.102733 0.892952
vn -0.034153 0.986086 0.162692
vn -0.099786 0.988047 0.117495
vn -0.582064 0.775036 -0.246011
vn -0.030381 0.983246 0.179735
vn 0.815507 0.191922 0.545998
vn 0.524253 0.122482 0.842708
vn -0.403325 0.915046 0.004475
vn 0.785814 0.183997 0.590459
vn 0.568232 0.133403 0.811983
vn 0.351518 -0.931570 0.092802
vn 0.610754 0.143810 0.778651
vn 0.752770 0.173452 0.635021
vn -0.085092 0.967908 0.236462
vn 0.337496 -0.935275 0.106574
vn 0.684266 0.160018 0.711459
vn -0.028592 0.977771 0.207720
vn 0.257151 -0.966360 -0.004678
vn 0.257307 -0.966316 -0.005243
vn 0.227482 -0.973749 0.008049
vn -0.293455 0.949806 -0.108413
vn -0.400929 0.915400 0.036034
vn 0.262278 -0.964514 -0.030391
vn 0.794427 0.185244 0.578421
vn 0.582669 0.135371 0.801356
vn 0.586417 0.136253 0.798468
vn 0.798884 0.186296 0.571907
vn 0.264737 -0.963820 -0.031067
vn -0.202790 0.968042 -0.147549
vn -0.192759 0.970452 -0.145146
vn -0.917207 -0.215225 0.335276
vn -0.963932 -0.225916 0.140704
vn -0.964969 -0.226149 0.133012
vn -0.919135 -0.215669 0.329663
vn 0.234280 -0.972011 0.017559
vn -0.375861 0.922163 0.091350
vn 0.256087 -0.966653 -0.001563
vn 0.256082 -0.966654 -0.001543
vn 0.307550 -0.949146 -0.067341
vn 0.312808 -0.947801 -0.061841
vn -0.115669 0.980693 -0.157677
vn -0.106992 0.983078 -0.148693
vn 0.256069 -0.966657 -0.001506
vn -0.211850 0.973444 -0.086755
vn -0.235429 0.967142 -0.095964
vn 0.318133 -0.946376 -0.056247
vn -0.098217 0.985325 -0.139601
vn 0.256161 -0.966633 -0.001467
vn 0.256182 -0.966628 -0.001473
vn -0.347979 0.937350 0.016921
vn 0.241903 -0.970002 0.024047
vn -0.342438 0.930874 0.127323
vn -0.964722 -0.219732 -0.145017
vn -0.963518 -0.218976 -0.153892
vn -0.932293 -0.203915 -0.298746
vn -0.923988 -0.205890 -0.322266
vn -0.924935 -0.205678 -0.319673
vn -0.932293 -0.203915 -0.298746
vn -0.161461 0.986699 -0.018851
vn -0.170425 0.984404 -0.043630
vn 0.250219 -0.968184 0.003333
vn 0.252920 -0.967487 0.001014
vn 0.263259 -0.964643 -0.012599
vn 0.256868 -0.966445 -0.001501
vn -0.911318 -0.208453 -0.355030
vn -0.911318 -0.208453 -0.355030
vn 0.205980 0.951861 0.227007
vn -0.198195 0.976946 0.079340
vn 0.283699 -0.958879 -0.008079
vn 0.284307 -0.958674 -0.010651
vn -0.112346 0.991752 -0.061703
vn -0.110017 0.992609 -0.051227
vn 0.256294 -0.966516 -0.012669
vn 0.253121 -0.967379 -0.010395
vn -0.775690 -0.180865 -0.604642
vn -0.556157 -0.129174 -0.820978
vn -0.550810 -0.127916 -0.824770
vn -0.772042 -0.180006 -0.609548
vn 0.292798 -0.955706 0.029929
vn -0.239422 0.966005 -0.097523
vn -0.239422 0.966005 -0.097523
vn 0.923205 0.216619 -0.317442
vn 0.973618 0.227979 -0.009644
vn 0.973467 0.227958 -0.019947
vn 0.919813 0.215840 -0.327656
vn 0.257149 -0.966369 0.002244
vn 0.257149 -0.966369 0.002244
vn 0.256926 -0.966430 0.001260
vn -0.159955 0.987015 -0.014717
vn -0.159955 0.987015 -0.014717
vn 0.010785 0.003842 -0.999935
vn 0.305727 0.072840 -0.949329
vn 0.308892 0.073580 -0.948247
vn 0.015059 0.004842 -0.999875
vn -0.293942 0.949344 0.111102
vn -0.293942 0.949344 0.111102
vn 0.256304 -0.966595 -0.001611
vn 0.256304 -0.966595 -0.001611
vn 0.784082 0.184407 -0.592629
vn 0.865129 0.203227 -0.458531
vn 0.865129 0.203227 -0.458531
vn 0.779506 0.183343 -0.598962
vn 0.256337 -0.966586 -0.001332
vn 0.438300 0.103813 -0.892813
vn 0.571668 0.134933 -0.809314
vn 0.571517 0.134898 -0.809426
vn 0.438300 0.103813 -0.892813
vn -0.563235 -0.135637 -0.815088
vn -0.563236 -0.135637 -0.815088
vn -0.563236 -0.135637 -0.815088
vn -0.563236 -0.135637 -0.815088
vn -0.376292 -0.089393 -0.922179
vn -0.394241 -0.093825 -0.914205
vn 0.926213 0.218534 0.307201
vn 0.793219 0.177651 0.582446
vn 0.789975 0.177028 0.587027
vn -0.767548 -0.180543 0.615040
vn -0.882766 -0.207265 0.421623
vn -0.882766 -0.207265 0.421623
vn -0.780680 -0.183595 0.597354
vn 0.256087 -0.966652 -0.001567
vn 0.256087 -0.966652 -0.001567
vn 0.256185 -0.966627 -0.001474
vn 0.256185 -0.966627 -0.001474
vn 0.929028 0.217114 0.299615
vn 0.866286 0.202219 0.456789
vn 0.866286 0.202219 0.456789
vn 0.866286 0.202219 0.456789
vn 0.866286 0.202219 0.456789
vn 0.931792 0.217773 0.290412
vn 0.316562 0.072866 0.945769
vn 0.150769 0.033999 0.987984
vn 0.020723 0.003540 0.999779
vn 0.021154 0.003640 0.999770
vn 0.150769 0.033999 0.987984
vn 0.319348 0.073519 0.944781
vn 0.684468 0.161217 -0.710994
vn 0.684468 0.161217 -0.710994
vn 0.684468 0.161217 -0.710994
vn 0.684468 0.161217 -0.710994
vn 0.706246 0.164424 0.688608
vn 0.581858 0.135156 0.801982
vn 0.581858 0.135156 0.801982
vn 0.404943 0.093601 0.909538
vn 0.393406 0.090893 0.914861
vn 0.581858 0.135156 0.801982
vn 0.581858 0.135156 0.801982
vn 0.701910 0.163402 0.693269
vn -0.973522 -0.227915 -0.017604
vn -0.961696 -0.224942 -0.156660
vn -0.919873 -0.214942 -0.328077
vn -0.917683 -0.214422 -0.334485
vn -0.961696 -0.224942 -0.156660
vn -0.973399 -0.227877 -0.023786
vn -0.438776 -0.101571 -0.892837
vn -0.438776 -0.101571 -0.892837
vn -0.285883 -0.065684 -0.956011
vn -0.280451 -0.064409 -0.957705
vn -0.438776 -0.101571 -0.892837
vn -0.438776 -0.101571 -0.892837
vn -0.382433 -0.090762 0.919515
vn -0.581263 -0.137173 0.802070
vn -0.581263 -0.137173 0.802070
vn -0.401123 -0.095128 0.911071
vn 0.961695 0.224949 0.156654
vn 0.961695 0.224949 0.156654
vn 0.961695 0.224949 0.156654
vn 0.961695 0.224949 0.156654
vn -0.150914 -0.036626 0.987868
vn -0.150914 -0.036626 0.987868
vn -0.277947 -0.066332 0.958303
vn -0.279781 -0.066760 0.957740
vn -0.150914 -0.036626 0.987868
vn -0.150914 -0.036626 0.987868
vn -0.438321 -0.103797 0.892805
vn -0.438321 -0.103797 0.892805
vn -0.562175 -0.132760 0.816293
vn -0.564652 -0.133339 0.814487
vn -0.438321 -0.103798 0.892805
vn -0.438321 -0.103798 0.892805
vn -0.684524 -0.161337 0.710913
vn -0.786427 -0.184952 0.589344
vn -0.789185 -0.185590 0.585443
vn -0.684524 -0.161337 0.710913
vn -0.973658 -0.228010 0.000961
vn -0.973239 -0.227873 -0.029645
vn -0.973239 -0.227873 -0.029645
vn -0.973239 -0.227873 -0.029645
vn -0.973240 -0.227873 -0.029645
vn -0.973239 -0.227873 -0.029645
vn -0.973239 -0.227873 -0.029645
vn -0.973658 -0.228011 0.001270
vn -0.017178 -0.002716 -0.999849
vn 0.219660 0.052687 -0.974153
vn 0.406272 0.096289 -0.908665
vn 0.395888 0.093865 -0.913489
vn 0.219660 0.052687 -0.974153
vn -0.032254 -0.006245 -0.999460
vn -0.865172 -0.203135 0.458491
vn -0.865171 -0.203135 0.458491
vn -0.930159 -0.218172 0.295304
vn -0.931623 -0.218510 0.290401
vn -0.865172 -0.203135 0.458491
vn -0.865172 -0.203135 0.458491
vn -0.961187 -0.225286 0.159268
vn -0.961187 -0.225286 0.159268
vn -0.961187 -0.225286 0.159268
vn -0.961187 -0.225286 0.159268
vn -0.150763 -0.034000 -0.987985
vn -0.150763 -0.034000 -0.987985
vn -0.150763 -0.034000 -0.987985
vn -0.150763 -0.034000 -0.987985
vn 0.705921 0.166142 -0.688529
vn 0.803356 0.188782 -0.564784
vn 0.803356 0.188782 -0.564784
vn 0.871288 0.204539 -0.446117
vn 0.870200 0.204287 -0.448352
vn 0.803356 0.188782 -0.564784
vn 0.803356 0.188781 -0.564784
vn 0.701604 0.165138 -0.693168
vn 0.871287 0.203377 0.446650
vn 0.804077 0.187489 0.564188
vn 0.804077 0.187489 0.564188
vn 0.804077 0.187489 0.564188
vn 0.804077 0.187489 0.564188
vn 0.870172 0.203113 0.448938
vn -0.973178 -0.227937 0.031139
vn -0.973178 -0.227937 0.031139
vn -0.973178 -0.227937 0.031139
vn -0.973178 -0.227937 0.031139
vn -0.973178 -0.227937 0.031139
vn -0.973178 -0.227937 0.031139
vn -0.973178 -0.227937 0.031139
vn -0.973178 -0.227937 0.031139
vn -0.014759 -0.004772 0.999880
vn -0.167088 -0.040415 0.985113
vn -0.167088 -0.040415 0.985113
vn -0.167088 -0.040415 0.985113
vn -0.167088 -0.040415 0.985113
vn -0.167088 -0.040415 0.985113
vn -0.167088 -0.040415 0.985113
vn -0.029734 -0.008278 0.999524
vn 0.973684 0.227902 -0.000320
vn 0.968124 0.226453 0.107028
vn 0.968124 0.226453 0.107028
vn 0.968124 0.226453 0.107028
vn 0.950735 0.222258 0.216111
vn 0.950496 0.222201 0.217220
vn 0.968124 0.226453 0.107028
vn 0.968124 0.226453 0.107028
vn 0.968124 0.226453 0.107028
vn 0.973684 0.227901 0.000026
vn 0.950656 0.222813 -0.215890
vn 0.967924 0.226702 -0.108302
vn 0.967924 0.226702 -0.108302
vn 0.967924 0.226702 -0.108302
vn 0.967924 0.226701 -0.108302
vn 0.950436 0.222763 -0.216904
vn 0.438717 0.101531 0.892871
vn 0.438717 0.101531 0.892871
vn 0.438717 0.101531 0.892871
vn 0.438717 0.101531 0.892871
vn 0.438717 0.101531 0.892871
vn 0.438717 0.101531 0.892871
vn 0.219573 0.050123 0.974308
vn 0.219573 0.050123 0.974308
vn 0.219573 0.050123 0.974308
vn 0.219573 0.050123 0.974308
vn 0.219573 0.050123 0.974308
vn 0.219573 0.050123 0.974308
vn 0.919715 0.214869 0.328565
vn 0.919715 0.214869 0.328565
vn 0.919715 0.214869 0.328565
vn 0.919715 0.214869 0.328565
vn 0.919715 0.214869 0.328565
vn 0.919715 0.214869 0.328565
vn 0.581446 0.137160 -0.801940
vn 0.581446 0.137160 -0.801940
vn 0.581446 0.137160 -0.801940
vn 0.581446 0.137160 -0.801940
vn 0.581446 0.137160 -0.801940
vn 0.581446 0.137160 -0.801940
vn 0.919188 0.215610 -0.329554
vn 0.919188 0.215610 -0.329554
vn 0.919188 0.215610 -0.329554
vn 0.919188 0.215610 -0.329554
vn 0.919188 0.215610 -0.329554
vn 0.919188 0.215610 -0.329554
vn -0.866335 -0.202253 -0.456681
vn -0.866335 -0.202253 -0.456681
vn -0.866335 -0.202253 -0.456681
vn -0.866335 -0.202253 -0.456681
vn -0.866335 -0.202253 -0.456681
vn -0.866335 -0.202253 -0.456681
vn -0.166891 -0.037778 -0.985251
vn -0.166891 -0.037778 -0.985251
vn -0.166891 -0.037778 -0.985251
vn -0.166891 -0.037778 -0.985251
vn -0.166891 -0.037778 -0.985251
vn -0.166891 -0.037778 -0.985251
vn -0.166891 -0.037778 -0.985251
vn -0.166891 -0.037778 -0.985251
vn 0.033153 0.857817 -0.512885
vn 0.487791 0.761204 0.427351
vn 0.584517 0.121451 0.802240
vn 0.476362 0.793156 0.379450
vn 0.518162 0.843244 -0.142997
vn 0.515343 0.843147 -0.153380
vn 0.544492 0.838186 -0.031197
vn 0.481726 0.836080 -0.262507
vn -0.098505 0.988559 0.114230
vn 0.196385 0.975537 0.098800
vn -0.211085 0.969963 0.120891
vn -0.204088 0.973416 0.103966
vn -0.144802 0.989035 0.029028
vn 0.305128 0.798205 -0.519390
vn -0.643796 0.730456 0.227950
vn -0.116230 0.990783 0.069574
vn -0.168090 0.984815 0.043417
vn -0.165362 0.985803 0.029126
vn -0.148261 0.988770 0.018780
vn -0.138668 0.990248 0.013406
vn 0.793858 0.187468 -0.578485
vn 0.930072 0.218672 -0.295211
vn 0.932804 0.219294 -0.285985
vn 0.797932 0.188402 -0.572546
vn -0.196025 0.963493 0.182361
vn -0.484248 0.784119 -0.388152
vn 0.299606 0.061995 0.952047
vn 0.012735 0.002619 0.999915
vn 0.017918 0.003839 0.999832
vn 0.299597 0.061993 0.952050
vn 0.584922 0.121545 0.801931
vn -0.278498 -0.065333 0.958212
vn -0.559602 -0.129748 0.818542
vn -0.556071 -0.128954 0.821070
vn -0.270510 -0.063482 0.960622
vn 0.973099 0.230268 0.007400
vn -0.777161 -0.184106 0.601769
vn 0.587298 0.149303 -0.795481
vn 0.016117 -0.006426 -0.999849
vn 0.285658 0.074205 -0.955454
vn 0.022522 -0.004871 -0.999735
vn -0.973673 -0.227926 0.003189
vn -0.931615 -0.212080 -0.295152
vn -0.932932 -0.211994 -0.291026
vn -0.973869 -0.226340 -0.018710
vn -0.571240 -0.137570 -0.809172
vn -0.258701 -0.063968 -0.963837
vn -0.256074 -0.063461 -0.964572
vn -0.791167 -0.195206 -0.579612
vn -0.916425 -0.223872 0.331734
s 1
g polySurface3 polySurface2
usemtl lambert3SG
f 2/1/1 3/593/2 1/1128/3 7/877/4
f 4/876/5 5/1131/6 2/1/1 7/877/4
f 3/2/2 2/594/1 6/4/7 12/5/8
f 6/4/7 2/594/1 5/3/6 13/6/9
f 3/593/2 9/592/10 8/1125/11 1/1128/3
f 10/875/12 11/1130/13 5/1131/6 4/876/5
f 9/7/10 3/2/2 12/5/8 16/9/14
f 13/6/9 5/3/6 11/8/13 17/10/15
f 8/1125/11 9/592/10 14/591/16 20/1127/17
f 15/1129/18 11/1130/13 10/875/12 21/874/19
f 18/12/20 14/11/16 9/7/10 16/9/14
f 11/8/13 15/590/18 19/13/21 17/10/15
f 4/876/5 7/877/4 22/1001/22 26/1002/23
f 22/1001/22 7/877/4 1/1128/3 25/1120/24
f 20/1127/17 14/591/16 23/589/25 29/1124/26
f 24/1126/27 15/1129/18 21/874/19 30/873/28
f 25/1120/24 1/1128/3 8/1125/11 40/1113/29
f 10/875/12 4/876/5 26/1002/23 41/1119/30
f 27/15/31 23/14/25 14/11/16 18/12/20
f 15/590/18 24/588/27 28/16/32 19/13/21
f 31/17/33 6/4/7 13/6/9 35/18/34
f 12/5/8 6/4/7 31/17/33 34/19/35
f 8/1125/11 20/1127/17 32/1118/36 40/1113/29
f 33/1117/37 21/874/19 10/875/12 41/1119/30
f 16/9/14 12/5/8 34/19/35 54/20/38
f 35/18/34 13/6/9 17/10/15 55/21/39
f 36/22/40 23/14/25 27/15/31 46/23/41
f 28/16/32 24/588/27 37/586/42 47/24/43
f 38/1122/44 29/1124/26 23/589/25 36/587/40
f 24/1126/27 30/873/28 39/872/45 37/1123/42
f 20/1127/17 29/1124/26 42/1116/46 32/1118/36
f 43/997/47 30/873/28 21/874/19 33/1117/37
f 44/25/48 18/12/20 16/9/14 54/20/38
f 17/10/15 19/13/21 45/26/49 55/21/39
f 42/1116/46 29/1124/26 38/1122/44 58/1111/50
f 39/872/45 30/873/28 43/997/47 59/983/51
f 48/27/52 27/15/31 18/12/20 44/25/48
f 19/13/21 28/16/32 49/28/53 45/26/49
f 50/29/54 36/22/40 46/23/41 56/30/55
f 47/24/43 37/586/42 51/584/56 57/31/57
f 52/1115/58 38/1122/44 36/587/40 50/585/54
f 37/1123/42 39/872/45 53/871/59 51/1121/56
f 46/23/41 27/15/31 48/27/52 65/32/60
f 49/28/53 28/16/32 47/24/43 66/33/61
f 58/1111/50 38/1122/44 52/1115/58 73/1104/62
f 53/871/59 39/872/45 59/983/51 74/1110/63
f 52/1115/58 50/585/54 60/583/64 68/1112/65
f 61/1114/66 51/1121/56 53/871/59 69/870/67
f 62/1107/68 25/1120/24 40/1113/29 81/1103/69
f 50/29/54 56/30/55 63/35/70 60/34/64
f 64/36/71 57/31/57 51/584/56 61/582/66
f 56/30/55 46/23/41 65/32/60 85/37/72
f 66/33/61 47/24/43 57/31/57 86/38/73
f 67/691/74 41/1119/30 26/1002/23 471/991/75
f 40/1113/29 32/1118/36 70/962/76 81/1103/69
f 33/1117/37 71/996/77 485/682/78 43/997/47
f 32/1118/36 42/1116/46 72/1102/79 70/962/76
f 68/1112/65 60/583/64 75/581/80 88/1109/81
f 76/1108/82 61/1114/66 69/870/67 89/869/83
f 54/20/38 34/19/35 77/43/84 103/44/85
f 72/1102/79 42/1116/46 58/1111/50 93/1097/86
f 52/1115/58 68/1112/65 78/1106/87 73/1104/62
f 79/1105/88 69/870/67 53/871/59 74/1110/63
f 55/21/39 80/45/89 496/680/90 35/18/34
f 60/34/64 63/35/70 82/47/91 75/42/80
f 83/48/92 64/36/71 61/582/66 76/580/82
f 84/49/93 44/25/48 54/20/38 103/44/85
f 87/685/94 45/26/49 49/28/53 505/51/95
f 90/52/96 48/27/52 44/25/48 84/49/93
f 91/53/97 63/35/70 56/30/55 85/37/72
f 57/31/57 64/36/71 92/54/98 86/38/73
f 65/32/60 48/27/52 90/52/96 106/55/99
f 93/1097/86 58/1111/50 73/1104/62 113/1089/100
f 94/686/101 62/1107/68 102/912/102
f 68/1112/65 88/1109/81 95/1099/103 78/1106/87
f 96/960/104 89/869/83 69/870/67 79/1105/88
f 97/673/105 74/1110/63 59/983/51 511/852/106
f 98/1100/107 88/1109/81 75/581/80 100/579/108
f 76/1108/82 89/869/83 99/868/109 101/1101/110
f 100/59/108 75/42/80 82/47/91 107/60/111
f 83/48/92 76/580/82 101/578/110 108/61/112
f 74/1110/63 97/673/105 111/641/113 79/1105/88
f 104/63/114 82/47/91 63/35/70 91/53/97
f 64/36/71 83/48/92 105/64/115 92/54/98
f 95/1099/103 88/1109/81 98/1100/107 121/1094/116
f 99/868/109 89/869/83 96/960/104 122/1096/117
f 85/37/72 65/32/60 106/55/99 126/65/118
f 86/38/73 109/66/119 534/67/120 66/33/61
f 73/1104/62 78/1106/87 110/1093/121 113/1089/100
f 79/1105/88 111/641/113 713/639/122 576/69/123 96/960/104
f 109/66/119 86/38/73 92/54/98 124/70/124
f 77/43/84 112/71/125 115/638/126
f 81/1103/69 114/913/127 711/642/128 102/912/102 62/1107/68
f 107/60/111 82/47/91 104/63/114 127/75/129
f 105/64/115 83/48/92 108/61/112 128/76/130
f 70/962/76 72/1102/79 116/953/131 588/907/132 569/77/133
f 117/1095/134 98/1100/107 100/579/108 119/577/135
f 101/1101/110 99/868/109 118/867/136 120/1098/137
f 119/78/135 100/59/108 107/60/111 129/79/138
f 108/61/112 101/578/110 120/576/137 130/80/139
f 78/1106/87 95/1099/103 123/1092/140 110/1093/121
f 114/913/127 81/1103/69 70/962/76 569/77/133
f 116/953/131 72/1102/79 93/1097/86 137/1086/141
f 124/70/124 92/54/98 105/64/115 591/635/142 718/633/143
f 125/83/144 91/53/97 85/37/72 126/65/118
f 121/1094/116 98/1100/107 117/1095/134 138/1088/145
f 118/867/136 99/868/109 122/1096/117 139/1091/146
f 123/1092/140 95/1099/103 121/1094/116 146/1081/147
f 131/84/148 103/44/85 77/43/84 115/638/126 716/636/149
f 132/86/150 104/63/114 91/53/97 125/83/144
f 129/79/138 107/60/111 127/75/129 144/87/151
f 128/76/130 108/61/112 130/80/139 145/88/152
f 133/89/153 90/52/96 84/49/93 594/669/154 611/630/155
f 117/1095/134 119/577/135 134/575/156 142/1087/157
f 135/1090/158 120/1098/137 118/867/136 143/866/159
f 136/670/160 122/1096/117 96/960/104 576/69/123
f 106/55/99 90/52/96 133/89/153 153/94/161
f 137/1086/141 93/1097/86 113/1089/100 159/1070/162
f 103/44/85 131/84/148 594/669/154 84/49/93
f 119/78/135 129/79/138 140/95/163 134/92/156
f 141/96/164 130/80/139 120/576/137 135/574/158
f 127/75/129 104/63/114 132/86/150 158/97/165
f 128/76/130 147/98/166 591/635/142 105/64/115
f 146/1081/147 121/1094/116 138/1088/145 162/1078/167
f 148/1085/168 138/1088/145 117/1095/134 142/1087/157
f 118/867/136 139/1091/146 149/1084/169 143/866/159
f 113/1089/100 110/1093/121 150/1075/170 159/1070/162
f 110/1093/121 123/1092/140 151/1082/171 150/1075/170
f 152/667/172 139/1091/146 122/1096/117 136/670/160
f 126/65/118 106/55/99 153/94/161 179/100/173
f 142/1087/157 134/575/156 154/573/174 164/1083/175
f 155/1080/176 135/1090/158 143/866/159 165/865/177
f 156/102/178 140/95/163 129/79/138 144/87/151
f 130/80/139 141/96/164 157/103/179 145/88/152
f 144/87/151 127/75/129 158/97/165 175/104/180
f 134/92/156 140/95/163 160/105/181 154/101/174
f 161/106/182 141/96/164 135/574/158 155/572/176
f 151/1082/171 123/1092/140 146/1081/147 178/1073/183
f 145/88/152 163/107/184 147/98/166 128/76/130
f 166/1079/185 148/1085/168 142/1087/157 164/1083/175
f 143/866/159 149/1084/169 167/933/186 165/865/177
f 168/108/187 125/83/144 126/65/118 179/100/173
f 169/109/188 132/86/150 125/83/144 168/108/187
f 137/1086/141 170/903/189 727/631/190 588/907/132 116/953/131
f 138/1088/145 148/1085/168 171/1077/191 162/1078/167
f 149/1084/169 172/932/192 651/662/193 167/933/186
f 140/95/163 156/102/178 173/113/194 160/105/181
f 174/114/195 157/103/179 141/96/164 161/106/182
f 158/97/165 132/86/150 169/109/188 190/115/196
f 176/1076/197 164/1083/175 154/573/174 180/571/198
f 155/1080/176 165/865/177 177/864/199 181/1074/200
f 180/116/198 154/101/174 160/105/181 185/117/201
f 161/106/182 155/572/176 181/570/200 186/118/202
f 178/1073/183 146/1081/147 162/1078/167 192/1061/203
f 182/119/204 156/102/178 144/87/151 175/104/180
f 166/1079/185 164/1083/175 176/1076/197 188/1071/205
f 177/864/199 165/865/177 167/933/186 189/931/206
f 183/120/207 157/103/179 174/114/195 652/121/208
f 148/1085/168 166/1079/185 184/1072/209 171/1077/191
f 150/1075/170 151/1082/171 178/1073/183 196/1062/210
f 185/117/201 160/105/181 173/113/194 199/122/211
f 174/114/195 161/106/182 186/118/202 200/123/212
f 187/626/213 153/94/161 133/89/153 611/630/155 730/629/214
f 191/126/215 173/113/194 156/102/178 182/119/204
f 175/104/180 158/97/165 190/115/196 208/127/216
f 184/1072/209 166/1079/185 188/1071/205 204/1064/217
f 162/1078/167 171/1077/191 193/1063/218 192/1061/203
f 194/1067/219 176/1076/197 180/571/198 197/569/220
f 181/1074/200 177/864/199 195/863/221 198/1069/222
f 159/1070/162 150/1075/170 196/1062/210 210/904/223
f 197/128/220 180/116/198 185/117/201 202/129/224
f 186/118/202 181/570/200 198/568/222 203/130/225
f 190/115/196 169/109/188 168/108/187 209/131/226
f 188/1071/205 176/1076/197 194/1067/219 205/1066/227
f 195/863/221 177/864/199 189/931/206 206/1068/228
f 171/1077/191 184/1072/209 201/1065/229 193/1063/218
f 199/122/211 173/113/194 191/126/215 216/132/230
f 202/129/224 185/117/201 199/122/211 214/133/231
f 200/123/212 186/118/202 203/130/225 215/134/232
f 207/135/233 182/119/204 175/104/180 208/127/216
f 196/1062/210 178/1073/183 192/1061/203 230/925/234
f 204/1064/217 188/1071/205 205/1066/227 224/1059/235
f 201/1065/229 184/1072/209 204/1064/217 225/1057/236
f 209/131/226 168/108/187 179/100/173 232/136/237
f 194/1067/219 197/569/220 211/567/238 222/1056/239
f 212/1060/240 198/1069/222 195/863/221 223/862/241
f 213/138/242 191/126/215 182/119/204 207/135/233
f 197/128/220 202/129/224 217/139/243 211/137/238
f 218/140/244 203/130/225 198/568/222 212/566/240
f 219/660/245 206/1068/228 189/931/206 654/930/246
f 214/133/231 199/122/211 216/132/230 231/143/247
f 220/929/248 205/1066/227 194/1067/219 222/1056/239
f 195/863/221 206/1068/228 221/1058/249 223/862/241
f 206/1068/228 219/660/245 242/624/250 221/1058/249
f 193/1063/218 201/1065/229 225/1057/236 243/890/251 764/751/252 254/147/253 229/1054/254
f 216/132/230 191/126/215 213/138/242 238/148/255
f 202/129/224 214/133/231 226/149/256 217/139/243
f 227/150/257 215/134/232 203/130/225 218/140/244
f 215/134/232 228/151/258 655/152/259 200/123/212
f 225/1057/236 204/1064/217 224/1059/235 235/891/260 659/154/261 658/753/262 244/156/263
f 192/1061/203 193/1063/218 229/1054/254 230/925/234
f 208/127/216 190/115/196 209/131/226 253/157/264
f 228/151/258 215/134/232 227/150/257 250/158/265
f 222/1056/239 211/567/238 233/565/266 245/1055/267
f 234/1053/268 212/1060/240 223/862/241 246/861/269
f 235/891/260 224/1059/235 239/928/270
f 211/137/238 217/139/243 236/160/271 233/159/266
f 237/161/272 218/140/244 212/566/240 234/564/268
f 240/926/273 220/929/248 222/1056/239 245/1055/267
f 223/862/241 221/1058/249 241/924/274 246/861/269
f 221/1058/249 242/624/250 740/622/275 667/163/276 241/924/274
f 243/890/251 225/1057/236 244/156/263
f 238/148/255 213/138/242 207/135/233 249/164/277 269/746/278 765/744/279 258/167/280
f 231/143/247 216/132/230 238/148/255 257/749/281 661/169/282 660/747/283 251/171/284
f 217/139/243 226/149/256 247/172/285 236/160/271
f 248/173/286 227/150/257 218/140/244 237/161/272
f 249/164/277 207/135/233 208/127/216 253/157/264
f 250/158/265 227/150/257 248/173/286 668/621/287 741/619/288
f 231/143/247 251/171/284 252/812/289
f 229/1054/254 254/147/253 259/724/290
f 234/1053/268 246/861/269 255/860/291 261/1050/292
f 256/1051/293 245/1055/267 233/565/266 260/563/294
f 257/749/281 238/148/255 258/167/280
f 260/178/294 233/159/266 236/160/271 263/179/295
f 237/161/272 234/564/268 261/562/292 264/180/296
f 232/136/237 262/605/297 672/182/298 671/603/299 320/184/300 290/838/301
f 255/860/291 246/861/269 241/924/274 265/1049/302
f 240/926/273 245/1055/267 256/1051/293 266/1052/303
f 253/157/264 209/131/226 232/136/237 290/838/301
f 263/179/295 236/160/271 247/172/285 268/185/304
f 248/173/286 237/161/272 264/180/296 267/186/305
f 269/746/278 249/164/277 275/187/306
f 270/658/307 265/1049/302 241/924/274 667/163/276
f 266/1052/303 271/784/308 742/782/309 664/191/310 240/926/273
f 271/784/308 266/1052/303 272/192/311
f 261/1050/292 255/860/291 273/859/312 277/1048/313
f 274/1046/314 256/1051/293 260/563/294 276/561/315
f 273/859/312 255/860/291 265/1049/302 283/1047/316
f 266/1052/303 256/1051/293 274/1046/314 286/899/317 745/776/318 272/192/311
f 276/193/315 260/178/294 263/179/295 280/196/319
f 264/180/296 261/562/292 277/560/313 281/197/320
f 278/198/321 268/185/304 247/172/285 666/781/322 743/779/323
f 267/186/305 279/201/324 668/621/287 248/173/286
f 280/196/319 263/179/295 268/185/304 282/774/325 749/772/326 293/204/327
f 267/186/305 264/180/296 281/197/320 284/205/328
f 282/774/325 268/185/304 278/198/321
f 283/1047/316 285/923/329 301/652/330 289/1044/331
f 286/899/317 274/1046/314 296/922/332 675/920/333
f 274/1046/314 276/561/315 287/880/334 296/922/332
f 288/1043/335 277/1048/313 273/859/312 295/857/336
f 273/859/312 283/1047/316 289/1044/331 295/857/336
f 291/209/337 281/197/320 277/560/313 288/559/335
f 276/193/315 280/196/319 292/210/338 287/208/334
f 280/196/319 293/204/327 676/805/339 292/210/338
f 294/212/340 284/205/328 297/213/341 311/214/342
f 297/213/341 284/205/328 281/197/320 291/209/337
f 298/609/343 299/885/344 300/1045/345
f 289/1044/331 301/652/330 682/716/346 303/217/347
f 300/1045/345 299/885/344 302/858/348
f 295/857/336 289/1044/331 303/217/347 310/1041/349
f 296/922/332 287/880/334 304/879/350 312/918/351
f 305/1040/352 288/1043/335 295/857/336 310/1041/349
f 302/858/348 299/885/344 306/919/353
f 307/219/354 291/209/337 288/559/335 305/558/352
f 287/208/334 292/210/338 308/220/355 304/218/350
f 309/221/356 297/213/341 291/209/337 307/219/354
f 311/214/342 297/213/341 309/221/356 685/222/357
f 313/655/358 299/885/344 314/1042/359
f 315/800/360 299/885/344 316/921/361
f 314/1042/359 299/885/344 317/886/362
f 318/1039/363 310/1041/349 303/217/347 326/1037/364
f 319/694/365 290/838/301 320/184/300
f 305/1040/352 310/1041/349 318/1039/363 322/1038/366
f 321/917/367 312/918/351 304/879/350 323/878/368
f 307/219/354 305/558/352 322/557/366 324/227/369
f 323/226/368 304/218/350 308/220/355 329/228/370
f 309/221/356 307/219/354 324/227/369 330/229/371
f 325/618/372 326/1037/364 303/217/347 682/716/346 750/715/373
f 327/693/374 290/838/301 319/694/365
f 328/650/375 290/838/301 327/693/374
f 331/692/376 290/838/301 332/235/377
f 330/229/371 333/236/378 751/713/379 685/222/357 309/221/356
f 334/802/380 290/838/301 335/239/381
f 336/600/382 290/838/301 331/692/376
f 337/1033/383 318/1039/363 326/1037/364 345/1035/384
f 322/1038/366 318/1039/363 337/1033/383 341/1034/385
f 338/1032/386 321/917/367 323/878/368 342/555/387
f 339/1036/388 340/898/389 343/647/390
f 324/227/369 322/557/366 341/556/385 344/243/391
f 342/241/387 323/226/368 329/228/370 347/244/392
f 339/1036/388 343/647/390 699/646/393 349/246/394
f 330/229/371 324/227/369 344/243/391 348/247/395
f 338/1032/386 346/896/396 690/248/397 321/917/367
f 345/1035/384 339/1036/388 349/246/394 354/1031/398
f 350/767/399 347/244/392 329/228/370 694/793/400
f 351/710/401 352/252/402 353/253/403
f 353/253/403 352/252/402 355/254/404 704/255/405
f 337/1033/383 345/1035/384 354/1031/398 361/1027/406
f 355/254/404 352/252/402 348/247/395 358/256/407
f 356/1028/408 341/1034/385 337/1033/383 361/1027/406
f 338/1032/386 342/555/387 357/553/409 363/1026/410
f 358/256/407 348/247/395 344/243/391 359/258/411
f 359/258/411 344/243/391 341/556/385 356/554/408
f 342/241/387 347/244/392 360/259/412 357/257/409
f 338/1032/386 363/1026/410 362/1030/413 364/897/414 754/768/415 346/896/396
f 364/897/414 362/1030/413 365/894/416
f 366/262/417 367/1029/418 349/246/394 699/646/393 703/616/419
f 365/894/416 362/1030/413 379/911/420 712/895/421 761/761/422
f 354/1031/398 349/246/394 367/1029/418 378/1024/423
f 368/613/424 369/1025/425 366/262/417 703/616/419 756/615/426
f 370/268/427 360/259/412 347/244/392 350/767/399 755/765/428 372/270/429
f 371/760/430 370/268/427 372/270/429
f 374/272/431 290/838/301 373/273/432 402/274/433
f 377/275/434 375/887/435 376/1021/436 399/1016/437
f 361/1027/406 354/1031/398 378/1024/423 392/1022/438
f 379/911/420 362/1030/413 363/1026/410 393/856/439
f 370/268/427 371/760/430 763/758/440 717/277/441 389/278/442
f 366/262/417 369/1025/425 380/1023/443 367/1029/418
f 381/708/444 373/273/432 290/838/301 336/600/382 696/599/445
f 382/281/446 355/254/404 358/256/407 388/282/447
f 355/254/404 382/281/446 383/283/448 708/284/449 704/255/405
f 384/1018/450 385/881/451 396/739/452
f 386/1020/453 356/1028/408 361/1027/406 392/1022/438
f 363/1026/410 357/553/409 387/551/454 393/856/439
f 388/282/447 358/256/407 359/258/411 390/287/455
f 360/259/412 370/268/427 389/278/442 391/288/456
f 390/287/455 359/258/411 356/554/408 386/552/453
f 357/257/409 360/259/412 391/288/456 387/286/454
f 394/289/457 395/290/458 762/611/459 708/284/449 383/283/448
f 369/1025/425 377/275/434 397/1017/460 380/1023/443
f 398/1019/461 378/1024/423 367/1029/418 380/1023/443
f 383/283/448 382/281/446 400/292/462 394/289/457
f 402/274/433 373/273/432 401/293/463 428/294/464
f 397/1017/460 377/275/434 399/1016/437 431/1009/465
f 376/1021/436 403/915/466 404/1003/467 416/1005/468
f 406/998/469 405/837/470 384/1018/450 430/1004/471
f 407/1013/472 392/1022/438 378/1024/423 398/1019/461
f 379/911/420 393/856/439 408/855/473 415/910/474
f 382/281/446 388/282/447 409/295/475 400/292/462
f 410/735/476 411/1015/477 412/884/478
f 413/787/479 414/1014/480 420/883/481
f 386/1020/453 392/1022/438 407/1013/472 423/1012/482
f 408/855/473 393/856/439 387/551/454 424/549/483
f 399/1016/437 376/1021/436 416/1005/468 435/1011/484
f 417/756/485 418/300/486 425/301/487
f 419/302/488 401/293/463 394/289/457 400/292/462
f 388/282/447 390/287/455 421/303/489 409/295/475
f 422/304/490 391/288/456 389/278/442 429/305/491
f 390/287/455 386/552/453 423/550/482 421/303/489
f 424/298/483 387/286/454 391/288/456 422/304/490
f 426/1008/492 398/1019/461 380/1023/443 397/1017/460
f 404/1003/467 403/915/466 427/519/493 458/987/494
f 414/1014/480 432/1007/495 411/1015/477 410/735/476 723/306/496 722/733/497 420/883/481
f 428/294/464 401/293/463 419/302/488 452/308/498
f 433/309/499 434/310/500 438/728/501
f 411/1015/477 436/1010/502 430/1004/471 384/1018/450 396/739/452 767/737/503 412/884/478
f 427/519/493 437/882/504 729/700/505 728/316/506 470/317/507
f 431/1009/465 399/1016/437 435/1011/484 459/995/508
f 436/1010/502 411/1015/477 432/1007/495 460/993/509
f 400/292/462 409/295/475 439/318/510 419/302/488
f 440/732/511 441/320/512 442/321/513
f 426/1008/492 397/1017/460 431/1009/465 462/994/514
f 432/1007/495 414/1014/480 443/1006/515 463/992/516
f 444/322/517 374/272/431 402/274/433 449/323/518
f 418/300/486 445/839/519 446/520/520 461/324/521
f 447/1000/522 407/1013/472 398/1019/461 426/1008/492
f 415/910/474 408/855/473 448/854/523 443/1006/515
f 449/323/518 402/274/433 428/294/464 464/325/524
f 423/1012/482 407/1013/472 447/1000/522 454/999/525
f 448/854/523 408/855/473 424/549/483 455/547/526
f 409/295/475 421/303/489 450/327/527 439/318/510
f 451/328/528 422/304/490 429/305/491 456/329/529
f 441/320/512 453/330/530 433/309/499 438/728/501 725/331/531 724/726/532 442/321/513
f 421/303/489 423/550/482 454/548/525 450/327/527
f 455/326/526 424/298/483 422/304/490 451/328/528
f 457/333/533 374/272/431 444/322/517 488/334/534
f 452/308/498 419/302/488 439/318/510 472/335/535
f 456/329/529 433/309/499 453/330/530 473/336/536
f 464/325/524 428/294/464 452/308/498 475/337/537
f 453/330/530 441/320/512 465/338/538 476/339/539
f 435/1011/484 416/1005/468 466/990/540 459/995/508
f 467/989/541 430/1004/471 436/1010/502 460/993/509
f 461/324/521 465/338/538 441/320/512 440/732/511 768/730/542 425/301/487 418/300/486
f 447/1000/522 426/1008/492 462/994/514 477/985/543
f 463/992/516 443/1006/515 448/854/523 478/853/544
f 462/994/514 431/1009/465 459/995/508 489/986/545
f 460/993/509 432/1007/495 463/992/516 490/984/546
f 416/1005/468 404/1003/467 468/981/547 466/990/540
f 469/980/548 406/998/469 430/1004/471 467/989/541
f 458/987/494 427/519/493 470/317/507 497/976/549
f 472/335/535 439/318/510 450/327/527 482/341/550
f 451/328/528 456/329/529 473/336/536 483/342/551
f 71/996/77 33/1117/37 41/1119/30 67/691/74 484/690/552
f 26/1002/23 22/1001/22 474/988/553 491/688/554 471/991/75
f 474/988/553 22/1001/22 25/1120/24 62/1107/68 94/686/101
f 479/982/555 454/999/525 447/1000/522 477/985/543
f 448/854/523 455/547/526 480/545/556 478/853/544
f 468/981/547 404/1003/467 458/987/494 504/971/557
f 481/908/558 406/998/469 469/980/548 503/973/559
f 482/341/550 450/327/527 454/548/525 479/546/555
f 455/326/526 451/328/528 483/342/551 480/345/556
f 486/346/560 449/323/518 464/325/524 475/337/537
f 465/338/538 461/324/521 487/347/561 476/339/539
f 475/337/537 452/308/498 472/335/535 498/348/562
f 473/336/536 453/330/530 476/339/539 499/349/563
f 477/985/543 462/994/514 489/986/545 506/979/564
f 490/984/546 463/992/516 478/853/544 507/851/565
f 492/350/566 444/322/517 449/323/518 486/346/560
f 461/324/521 446/520/520 493/351/567 487/347/561
f 59/983/51 43/997/47 485/682/78 510/681/568 511/852/106
f 459/995/508 466/990/540 494/978/569 489/986/545
f 495/977/570 467/989/541 460/993/509 490/984/546
f 55/21/39 45/26/49 87/685/94 509/683/571 80/45/89
f 500/831/572 457/333/533 488/334/534 521/354/573
f 501/677/574 31/17/33 35/18/34 496/680/90 520/679/575
f 498/348/562 472/335/535 482/341/550 514/357/576
f 483/342/551 473/336/536 499/349/563 515/358/577
f 34/19/35 31/17/33 501/677/574 112/71/125 77/43/84
f 488/334/534 444/322/517 492/350/566 525/359/578
f 493/351/567 446/520/520 502/830/579 526/360/580
f 508/906/581 481/908/558 503/973/559 528/968/582
f 504/971/557 458/987/494 497/976/549 529/967/583
f 512/975/584 479/982/555 477/985/543 506/979/564
f 478/853/544 480/545/556 513/543/585 507/851/565
f 514/357/576 482/341/550 479/546/555 512/544/584
f 480/345/556 483/342/551 515/358/577 513/361/585
f 516/362/586 486/346/560 475/337/537 498/348/562
f 476/339/539 487/347/561 517/363/587 499/349/563
f 466/990/540 468/981/547 518/970/588 494/978/569
f 519/972/589 469/980/548 467/989/541 495/977/570
f 505/51/95 49/28/53 66/33/61 534/67/120 535/675/590
f 497/976/549 470/317/507 522/966/591 529/967/583
f 523/974/592 506/979/564 489/986/545 494/978/569
f 490/984/546 507/851/565 524/850/593 495/977/570
f 503/973/559 469/980/548 519/972/589 543/965/594
f 518/970/588 468/981/547 504/971/557 544/964/595
f 526/360/580 502/830/579 527/365/596 545/366/597
f 521/354/573 488/334/534 525/359/578 546/367/598
f 530/368/599 492/350/566 486/346/560 516/362/586
f 487/347/561 493/351/567 531/369/600 517/363/587
f 498/348/562 514/357/576 532/370/601 516/362/586
f 533/371/602 515/358/577 499/349/563 517/363/587
f 512/975/584 506/979/564 523/974/592 536/969/603
f 524/850/593 507/851/565 513/543/585 537/541/604
f 514/357/576 512/544/584 536/542/603 532/370/601
f 537/372/604 513/361/585 515/358/577 533/371/602
f 508/906/581 528/968/582 538/905/605 731/705/606
f 539/374/607 522/966/591 470/317/507 728/316/506 732/706/608
f 525/359/578 492/350/566 530/368/599 552/376/609
f 531/369/600 493/351/567 526/360/580 553/377/610
f 540/378/611 500/831/572 521/354/573 546/367/598
f 494/978/569 518/970/588 541/963/612 523/974/592
f 542/849/613 519/972/589 495/977/570 524/850/593
f 528/968/582 503/973/559 543/965/594 557/957/614
f 544/964/595 504/971/557 529/967/583 558/959/615
f 516/362/586 532/370/601 547/379/616 530/368/599
f 548/380/617 533/371/602 517/363/587 531/369/600
f 536/969/603 523/974/592 541/963/612 555/961/618
f 542/849/613 524/850/593 537/541/604 556/540/619
f 550/702/620 551/698/621 731/705/606 538/905/605
f 543/965/594 519/972/589 542/849/613 561/848/622
f 541/963/612 518/970/588 544/964/595 562/958/623
f 532/370/601 536/542/603 555/539/618 547/379/616
f 556/381/619 537/372/604 533/371/602 548/380/617
f 553/377/610 526/360/580 545/366/597 567/384/624
f 546/367/598 525/359/578 552/376/609 568/385/625
f 529/967/583 522/966/591 559/955/626 558/959/615
f 560/954/627 538/905/605 528/968/582 557/957/614
f 552/376/609 530/368/599 547/379/616 572/386/628
f 548/380/617 531/369/600 553/377/610 573/387/629
f 522/966/591 539/374/607 564/951/630 559/955/626
f 565/949/631 550/702/620 538/905/605 560/954/627
f 557/957/614 543/965/594 561/848/622 580/847/632
f 562/958/623 544/964/595 558/959/615 579/952/633
f 542/849/613 556/540/619 570/538/634 561/848/622
f 571/956/635 555/961/618 541/963/612 562/958/623
f 572/386/628 547/379/616 555/539/618 571/537/635
f 556/381/619 548/380/617 573/387/629 570/390/634
f 545/366/597 549/391/636 574/392/637 567/384/624
f 575/393/638 540/378/611 546/367/598 568/385/625
f 564/951/630 539/374/607 566/388/639 587/946/640
f 568/385/625 552/376/609 572/386/628 582/394/641
f 573/387/629 553/377/610 567/384/624 581/395/642
f 577/396/643 554/397/644 540/378/611 575/393/638
f 549/391/636 563/398/645 578/399/646 574/392/637
f 561/848/622 570/538/634 583/536/647 580/847/632
f 584/950/648 571/956/635 562/958/623 579/952/633
f 570/390/634 573/387/629 581/395/642 583/400/647
f 582/394/641 572/386/628 571/537/635 584/535/648
f 558/959/615 559/955/626 585/948/649 579/952/633
f 586/846/650 560/954/627 557/957/614 580/847/632
f 589/704/651 590/947/652 606/902/653 736/889/654
f 567/384/624 574/392/637 592/402/655 581/395/642
f 593/403/656 575/393/638 568/385/625 582/394/641
f 595/845/657 565/949/631 560/954/627 586/846/650
f 559/955/626 564/951/630 596/944/658 585/948/649
f 584/950/648 579/952/633 585/948/649 600/945/659
f 586/846/650 580/847/632 583/536/647 599/533/660
f 599/404/660 583/400/647 581/395/642 592/402/655
f 582/394/641 584/535/648 600/534/659 593/403/656
f 590/947/652 565/949/631 595/845/657 605/844/661
f 596/944/658 564/951/630 587/946/640 608/942/662
f 601/405/663 577/396/643 575/393/638 593/403/656
f 574/392/637 578/399/646 602/406/664 592/402/655
f 600/945/659 585/948/649 596/944/658 609/943/665
f 595/845/657 586/846/650 599/533/660 610/532/666
f 597/408/667 577/396/643 601/405/663 614/409/668
f 602/406/664 578/399/646 598/410/669 613/411/670
f 603/815/671 604/816/672 736/889/654 606/902/653
f 606/902/653 590/947/652 605/844/661 624/843/673
f 608/942/662 587/946/640 607/819/674 625/940/675
f 593/403/656 600/534/659 609/531/665 601/405/663
f 610/407/666 599/404/660 592/402/655 602/406/664
f 612/414/676 620/820/677 735/821/678
f 613/411/670 598/410/669 616/417/679 627/418/680
f 617/419/681 597/408/667 614/409/668 628/420/682
f 139/1091/146 152/667/172 618/666/683 172/932/192 149/1084/169
f 619/842/684 603/815/671 606/902/653 624/843/673
f 607/819/674 620/820/677 621/938/685 625/940/675
f 610/407/666 602/406/664 613/411/670 622/422/686
f 614/409/668 601/405/663 609/531/665 623/529/687
f 595/845/657 610/532/666 622/530/686 605/844/661
f 623/941/687 609/943/665 596/944/658 608/942/662
f 620/820/677 612/414/676 626/817/688 621/938/685
f 616/417/679 615/423/689 629/424/690 627/418/680
f 630/425/691 631/828/692 617/419/681 628/420/682
f 604/816/672 632/818/693 644/901/694 739/900/695
f 603/815/671 619/842/684 632/818/693 604/816/672
f 633/426/696 786/835/697 631/828/692 630/425/691
f 605/844/661 622/530/686 634/528/698 624/843/673
f 635/939/699 623/941/687 608/942/662 625/940/675
f 622/422/686 613/411/670 627/418/680 634/427/698
f 628/420/682 614/409/668 623/529/687 635/527/699
f 636/428/700 788/429/701 789/430/702 647/431/703
f 619/842/684 624/843/673 634/528/698 638/525/704
f 635/939/699 625/940/675 621/938/685 639/937/705
f 637/664/706 163/107/184 145/88/152 157/103/179 183/120/207
f 638/432/704 634/427/698 627/418/680 629/424/690
f 628/420/682 635/527/699 639/526/705 630/425/691
f 632/818/693 619/842/684 638/525/704 641/523/707
f 639/937/705 621/938/685 626/817/688 640/936/708
f 640/524/708 633/426/696 630/425/691 639/526/705
f 629/424/690 636/428/700 641/434/707 638/432/704
f 626/817/688 642/822/709 643/935/710 640/936/708
f 645/521/711 644/901/694 632/818/693 641/523/707
f 646/436/712 633/426/696 640/524/708 643/522/710
f 641/434/707 636/428/700 647/431/703 645/435/711
f 642/822/709 648/841/713 649/934/714 643/935/710
f 649/934/714 648/841/713 644/901/694 645/521/711
f 650/826/715 646/436/712 643/522/710 649/437/714
f 645/435/711 647/431/703 650/826/715 649/437/714
f 170/903/189 137/1086/141 159/1070/162 210/904/223 733/840/716 734/627/717
f 189/931/206 167/933/186 651/662/193 653/721/718 654/930/246
f 179/100/173 153/94/161 187/626/213 737/625/719 262/605/297 232/136/237
f 652/121/208 174/114/195 200/123/212 655/152/259 656/720/720
f 239/928/270 224/1059/235 205/1066/227 220/929/248 657/927/721
s 14
f 658/155/722 659/755/723 660/170/724 661/750/725
s 1
f 662/811/726 657/927/721 220/929/248 240/926/273 664/191/310
f 663/810/727 226/149/256 214/133/231 231/143/247 252/812/289
f 226/149/256 663/810/727 665/809/728 666/781/322 247/172/285
f 299/885/344 210/904/223 196/1062/210 230/925/234
s 15
f 669/445/729 670/610/730 671/183/731 672/606/732
s 1
f 283/1047/316 265/1049/302 270/658/307 673/657/733 285/923/329
f 279/201/324 267/186/305 284/205/328 294/212/340 674/718/734
f 299/885/344 677/888/735 678/807/736 316/921/361
f 679/804/737 675/920/333 296/922/332 312/918/351 683/916/738
f 292/210/338 676/805/339 680/803/739 684/796/740 308/220/355
f 299/885/344 313/655/358 681/653/741 306/919/353
f 290/838/301 334/802/380 686/801/742 687/770/743
f 683/916/738 312/918/351 321/917/367 690/248/397 691/797/744
f 329/228/370 308/220/355 684/796/740 693/795/745 694/793/400
f 299/885/344 315/800/360 688/799/746 689/741/747
f 290/838/301 328/650/375 692/648/748 332/235/377
f 345/1035/384 326/1037/364 325/618/372 752/711/749 340/898/389 339/1036/388
f 333/236/378 330/229/371 348/247/395 352/252/402 351/710/401 753/709/750
s 15
f 696/280/751 695/463/752 766/595/753 707/465/754 706/707/755 381/279/756
s 1
f 290/838/301 697/467/757 698/791/758 335/239/381
f 299/885/344 403/915/466 376/1021/436 375/887/435
f 299/885/344 700/914/759 701/823/760
f 299/885/344 702/893/761 700/914/759
f 299/885/344 701/823/760 705/701/762
s 15
f 706/707/755 707/465/754 709/614/763 710/475/764
s 1
f 290/838/301 776/834/765 773/825/766
f 712/895/421 379/911/420 415/910/474 714/909/767 715/790/768
f 429/305/491 389/278/442 717/277/441 719/789/769 720/785/770
f 714/909/767 415/910/474 443/1006/515 414/1014/480 413/787/479
f 721/703/771 405/837/470 406/998/469 481/908/558 726/892/772
s 14
f 722/307/773 723/736/774 724/332/775 725/729/776
s 1
f 456/329/529 429/305/491 720/785/770 434/310/500 433/309/499
f 726/892/772 481/908/558 508/906/581 731/705/606
f 539/374/607 732/706/608 566/388/639
f 565/949/631 590/947/652 589/704/651 551/698/621 550/702/620
f 735/821/678 607/819/674 587/946/640 566/388/639
f 620/820/677 607/819/674 735/821/678
f 626/817/688 612/414/676 738/482/777 642/822/709
f 642/822/709 738/482/777 648/841/713
f 744/484/778 275/187/306 249/164/277 253/157/264 290/838/301 687/770/743 748/485/779
s 14
f 746/486/780 747/725/781 744/775/782 748/771/783
s 1
f 377/275/434 369/1025/425 368/613/424 709/474/784 707/596/785 766/464/786 375/887/435
f 757/488/787 697/467/757 290/838/301 445/839/519 418/300/486 417/756/485 760/489/788
s 14
f 758/490/789 759/740/790 757/763/791 760/757/792
s 1
f 395/290/458 394/289/457 401/293/463 373/273/432 381/708/444 706/466/793 710/598/794
f 299/885/344 298/609/343 670/446/795 669/607/796 733/840/716 210/904/223
s 14
f 678/449/797 677/742/798 746/486/780 748/771/783 687/455/799 686/454/800
s 1
f 299/885/344 375/887/435 766/464/786 695/601/801 317/886/362
s 14
f 759/740/790 689/459/802 688/458/803 698/468/804 697/764/805 757/763/791
s 1
f 299/885/344 405/837/470 721/703/771 702/893/761
s 15
f 395/597/806 710/475/807 709/614/808 368/266/809 756/267/810 762/291/811
s 1
f 299/885/344 705/701/762 437/882/504 427/519/493 403/915/466
f 705/313/812 701/314/813 772/315/814 776/373/765
s 15
f 734/438/815 733/608/816 669/445/729 672/606/732 262/181/817 737/440/818
s 1
f 299/885/344 230/925/234 229/1054/254 259/724/290 747/487/819 746/743/820 677/888/735
f 299/885/344 689/741/747 759/491/821 758/722/822 385/881/451 384/1018/450 405/837/470
s 14
f 764/146/823 243/145/824 244/754/825 658/155/722 661/750/725 257/168/826 258/745/827 765/166/828
f 662/442/829 664/783/830 742/190/831 743/200/832 666/199/833 665/444/834
f 688/458/803 315/224/835 316/808/836 678/449/797 686/454/800 334/238/837 335/792/838 698/468/804
s 15
f 484/343/839 67/39/840 471/689/841 491/344/842 520/356/843 496/46/844 80/684/845 509/353/846
s 14
f 761/265/847 712/264/848 715/476/849 719/477/850 717/759/851 763/276/852
f 723/736/774 410/296/853 412/738/854 767/312/855 768/340/856 440/319/857 442/727/858 724/332/775
s 15
f 727/110/859 170/628/860 734/438/815 737/440/818 187/124/861 730/125/862
s 14
f 747/725/781 259/177/863 254/752/864 764/146/823 765/166/828 269/165/865 275/778/866 744/775/782
f 742/190/831 271/189/867 272/777/868 745/195/869 749/203/870 282/202/871 278/780/872 743/200/832
f 745/195/869 286/194/873 675/806/874 679/450/875 680/451/876 676/211/877 293/773/878 749/203/870
f 679/450/875 683/798/879 691/1134/880 693/457/881 684/452/882 680/451/876
s 15
f 681/453/883 313/223/884 314/695/885 317/602/886 695/463/752 696/280/751 336/240/887 331/234/888 332/649/889 692/460/890
f 752/461/891 325/230/892 750/231/893 751/237/894 333/617/895 753/462/896
s 14
f 691/456/880 690/794/897 346/769/898 754/261/899 755/269/900 350/249/901 694/250/902 693/1135/881
f 754/261/899 364/260/903 365/762/904 761/265/847 763/276/852 371/271/905 372/766/906 755/269/900
f 767/312/855 396/285/907 385/723/908 758/490/789 760/757/792 417/299/909 425/731/910 768/340/856
s 15
f 673/447/911 270/188/912 667/623/913 740/162/914 741/175/915 668/174/916 279/656/917 674/448/918
f 510/352/919 485/41/920 71/40/921 484/343/839 509/353/846 87/50/922 505/676/923 535/364/924
f 670/610/730 298/215/925 300/697/926 302/696/927 306/654/928 681/453/883 692/460/890 328/233/929 327/232/930 319/225/931 320/604/932 671/183/731
f 711/74/933 114/73/934 569/671/935 588/632/936 727/110/859 730/125/862 611/91/937 594/90/938 131/637/939 716/85/940
f 618/421/941 152/99/942 136/93/943 576/640/944 713/68/945 718/82/946 591/81/947 147/668/948 163/665/949 637/1136/950
f 653/439/951 651/112/952 172/111/953 618/1137/941 637/433/950 183/663/954 652/661/955 656/441/956
s 14
f 659/755/723 235/153/957 239/814/958 657/813/959 662/442/829 665/444/834 663/443/960 252/176/961 251/748/962 660/170/724
s 15
f 491/344/842 474/687/963 94/56/964 102/643/965 711/74/933 716/85/940 115/72/966 112/678/967 501/355/968 520/356/843
f 713/68/945 111/62/969 97/57/970 511/58/971 510/352/919 535/364/924 534/674/972 109/672/973 124/634/974 718/82/946
f 750/231/893 682/216/975 301/207/976 285/206/977 673/447/911 674/448/918 294/717/978 311/651/979 685/714/980 751/237/894
f 740/162/914 242/144/981 219/141/982 654/142/983 653/439/951 656/441/956 655/719/984 228/659/985 250/620/986 741/175/915
s 14
f 715/476/849 714/788/987 413/297/988 420/734/989 722/307/773 725/729/776 438/311/990 434/786/991 720/478/992 719/477/850
s 15
f 756/267/810 703/263/993 699/245/994 343/242/995 340/712/996 752/461/891 753/462/896 351/251/997 353/645/998 704/644/999 708/612/1000 762/291/811
s 1
f 770/836/1001 554/397/644 577/396/643 597/408/667
f 739/900/695 644/901/694 648/841/713 738/482/777
f 773//1002 772//814 774//1003
f 772//814 773//1002 776//1004
s 28
f 779/833/1005 780/699/1006 790/515/1007
f 780/699/1006 779/833/1005 781/832/1008
s 1
f 788/429/701 771/504/1009 789/430/702
f 790/515/1010 457/333/533 500/831/572 781/832/1011 779/833/1012
f 549/391/636 545/366/597 527/365/596 782/518/1013
f 500/831/572 540/378/611 554/397/644 783/501/1014 781/832/1011
f 563/398/645 549/391/636 782/518/1013
f 598/410/669 769/500/1015 784/505/1016 616/417/679
f 771/504/1009 615/423/689 616/417/679 784/505/1016
f 636/428/700 629/424/690 615/423/689 771/504/1009 788/429/701
f 290/838/301 773/825/766 774/824/1017
f 290/838/301 774/824/1017 775/509/1018
f 790/515/1010 776/834/765 290/838/301 374/272/431 457/333/533
f 777/510/1019 445/839/519 290/838/301 775/509/1018
f 446/520/520 445/839/519 777/510/1019 778/514/1020 502/830/579
f 728/375/1021 729/382/1022 780/383/1023 781/389/1024
f 502/830/579 778/514/1020 782/518/1013 527/365/596
f 770/836/1001 783/501/1014 554/397/644
f 769/500/1015 598/410/669 578/399/646 563/398/645
f 597/408/667 617/419/681 785/829/1025 770/836/1001
f 785/829/1025 617/419/681 631/828/692
f 786/835/697 633/426/696 646/436/712 787/827/1026
f 787/827/1026 646/436/712 650/826/715
f 647/431/703 789/430/702 787/827/1026 650/826/715
f 702/401/1027 721/412/1028 777/413/1029 775/415/1030
f 701/314/813 700/416/1031 774/469/1003 772/315/814
f 700/416/1031 702/401/1027 775/415/1030 774/469/1003
f 726/470/1032 731/471/1033 782/472/1034 778/473/1035
f 437/479/1036 705/313/812 776/373/765 790/480/1010
f 729/382/1022 437/479/1036 790/480/1010 780/383/1023
f 731/471/1033 551/481/1037 563/483/645 782/472/1034
f 732/492/1038 728/375/1021 781/389/1024 783/493/1014
f 721/412/1028 726/470/1032 778/473/1035 777/413/1029
f 735/494/1039 566/495/1040 770/496/1001 785/497/1041
f 736/498/1042 604/499/1043 771/502/1044 784/503/1045
f 738/506/1046 612/507/1047 786/508/1048 787/1132/1026
f 604/499/1043 739/512/1049 789/513/702 771/502/1044
f 789/513/702 739/512/1049 738/1133/1046 787/511/1026
f 551/481/1037 589/516/1050 769/517/1015 563/483/645
f 566/495/1040 732/492/1038 783/493/1014 770/496/1001
f 589/516/1050 736/498/1042 784/503/1045 769/517/1015
f 612/507/1047 735/494/1039 785/497/1041 786/508/1048
f 786/835/697 785/829/1025 631/828/692
